filename,waveform,n_samples,dominant_freq_hz,dominant_amp_nm,harmonic_ratio_2,harmonic_ratio_3,harmonic_ratio_4,harmonic_ratio_5,odd_even_harmonic_ratio,thd_pct,spectral_entropy,spectral_centroid_hz,spectral_flatness,band_energy_ratio,num_spectral_peaks,rms_nm,peak_nm,crest_factor,skewness,kurtosis,zero_cross_rate,peak_density_hz,sine_residual_pct,sine_phase_lag_deg,q1_peak_nm,q1_mean_nm,q1_rms_nm,q1_sine_residual_pct,q2_peak_nm,q2_mean_nm,q2_rms_nm,q2_sine_residual_pct,q3_peak_nm,q3_mean_nm,q3_rms_nm,q3_sine_residual_pct,q4_peak_nm,q4_mean_nm,q4_rms_nm,q4_sine_residual_pct,amplitude_drift_nm,worst_quarter,fopdt_phase_lag_deg,fopdt_attenuation,v_drive_est_v,hysteresis_nm,half_cycle_asymmetry,square_duty_cycle,square_edge_sharpness,noise_kurtosis,noise_gaussianity_err,noise_autocorr_lag1,ramp_rise_linearity,ramp_fall_linearity,ramp_asymmetry,pulse_crest_factor,pulse_duty_cycle,pulse_ringing_ratio
sine-1-1_absolute.csv,sine,9322,20.0601,8.325427,0.162405,0.099201,0.095037,0.056444,0.36791,22.0078,8.4321,47.4183,0.619214,311.6526,181,206.235695,335.670118,1.6276,-0.0948,1.5092,1.9309,1.8236,99.9766,172.1991,49.0,47.78,48.76,484.94,30.13,-30.13,30.13,,30.13,-30.13,30.13,,49.0,12.48,41.37,88.4,18.87,q1,1.841,0.999504,0.8838,,,,,,,,,,,,,
sine-100Hz-10_absolute.csv,sine,9803,99.9694,269.087166,0.010158,0.030951,0.012325,0.041,10.345348,5.3797,1.3173,100.986,0.342166,1.8178,1,200.763091,279.795115,1.3937,-0.0163,1.5649,200.0408,99.9694,51.2026,-8.9591,284.85,2.43,195.3,8.4,284.85,-2.43,193.61,8.6,284.85,2.43,195.3,8.4,284.85,-2.43,193.61,8.6,0.0,q1,9.104,0.987894,0.7453,15.83,0.0556,,,,,,,,,,,
sine-100Hz-1_absolute.csv,sine,32685,100.0153,244.149615,0.032351,0.013816,0.012333,0.0,0.159241,3.7277,1.4257,101.4727,0.516318,0.8923,1,200.015592,329.788517,1.6488,-0.064,1.6029,200.0,100.0153,74.8058,-126.1914,302.5,-3.04,200.91,12.7,302.5,-9.13,197.34,12.74,330.49,7.91,201.43,13.66,330.49,4.26,201.42,13.7,28.0,q3,9.108,0.987883,0.8785,29.82,0.0902,,,,,,,,,,,
sine-100Hz-2_absolute.csv,sine,10389,100.0096,280.422007,0.010519,0.018733,0.02927,0.0,0.362762,3.6308,1.5072,102.6585,0.555976,0.263,1,206.73394,495.786577,2.3982,-0.0346,1.6957,200.0193,99.9134,28.9566,76.1042,318.63,76.38,215.54,36.94,318.63,21.61,202.3,19.6,318.63,-13.69,209.19,17.64,393.49,-84.3,222.33,39.64,74.86,q4,9.108,0.987884,1.3207,18.62,0.0473,,,,,,,,,,,
sine-100Hz-3_absolute.csv,sine,9419,100.0106,284.809978,0.012325,0.016796,0.005504,0.0,1.548325,2.1548,1.3854,101.402,0.46494,0.2777,1,205.914744,373.904795,1.8158,-0.0056,1.5723,199.9151,100.0106,22.7913,45.5654,332.32,25.56,220.72,12.35,332.32,-3.65,210.99,13.75,300.67,-1.22,197.51,12.7,300.67,-20.69,197.9,12.72,31.65,q1,9.108,0.987884,0.996,22.15,0.0667,,,,,,,,,,,
sine-100Hz-4_absolute.csv,sine,9225,100.0542,250.65688,0.083332,0.029979,0.02182,0.0,0.121116,9.1209,1.3667,101.6072,0.418115,0.9373,2,209.902052,290.84959,1.3856,-0.1357,1.4718,200.0,99.9458,75.662,-125.3424,279.67,14.91,212.16,11.23,279.67,-9.43,216.07,9.59,279.67,5.17,215.88,9.3,279.67,-10.65,216.08,9.26,0.0,q1,9.112,0.987874,0.7748,5.48,0.0196,,,,,,,,,,,
sine-100Hz-5_absolute.csv,sine,8629,100.0116,286.257834,1e-06,0.037998,1e-06,0.0,398671768.20461,3.7998,1.284,100.9208,0.000689,0.2824,1,204.08839,277.039249,1.3574,0.0006,1.5562,200.0232,99.8957,18.8053,98.2307,276.93,-1.83,204.04,5.57,276.93,1.83,204.04,5.57,276.93,-1.83,204.04,5.57,276.93,1.83,204.04,5.57,0.0,q1,9.108,0.987884,0.738,0.0,0.0,,,,,,,,,,,
sine-100Hz-6_absolute.csv,sine,9773,99.9693,266.233785,0.016934,0.016197,0.065102,0.020994,0.155382,7.2305,1.4092,102.746,0.38248,1.7195,2,202.832112,334.242079,1.6479,0.0076,1.5298,199.9386,99.9693,53.9831,67.5091,278.15,15.22,204.13,5.63,278.15,-12.78,203.96,5.64,278.15,14.0,202.7,6.55,278.15,-16.43,199.64,7.97,0.0,q1,9.104,0.987894,0.8904,2.44,0.0088,,,,,,,,,,,
sine-100Hz-7_absolute.csv,sine,9530,100.0,287.777509,0.034962,0.01374,0.05436,0.0,0.045193,6.6077,1.3718,102.2005,0.44819,0.1887,2,205.78181,325.063606,1.5797,0.0455,1.5432,200.0,100.0,9.8555,163.0002,311.63,-8.52,201.04,9.07,311.63,14.61,202.15,8.77,321.36,-15.82,211.03,6.82,321.36,9.74,208.83,7.36,9.74,q3,9.107,0.987887,0.8659,38.95,0.1212,,,,,,,,,,,
sine-100Hz-8_absolute.csv,sine,10847,100.0277,257.069694,0.019285,0.04293,0.013451,0.0,3.333661,4.8947,1.4293,102.2473,0.499233,0.528,1,194.430168,317.239246,1.6316,-0.0008,1.6204,200.0553,100.0277,51.6324,-90.9165,294.28,-0.3,198.48,12.98,294.28,-2.74,206.83,11.27,294.28,5.78,202.37,12.37,294.28,-2.74,206.83,11.27,0.0,q1,9.11,0.98788,0.8451,34.69,0.1179,,,,,,,,,,,
sine-100Hz-9_absolute.csv,sine,8302,99.9759,284.452507,0.035751,0.025905,0.036196,0.006994,0.278173,5.7517,1.3804,101.5208,0.413067,2.4471,1,206.982948,341.475208,1.6498,0.0544,1.5013,199.9518,99.9759,38.7387,77.0499,299.45,19.48,209.59,10.91,299.45,-14.61,202.12,10.02,299.45,14.61,205.35,10.81,299.45,-19.48,195.76,11.08,0.0,q1,9.105,0.987892,0.9096,45.04,0.1504,,,,,,,,,,,
sine-1Hz-10_absolute.csv,sine,11601,21.9809,8.835241,0.280768,0.128876,0.08414,0.0594,0.2344,32.565,8.4297,44.6987,0.626951,430.2158,181,206.684304,325.130686,1.5731,0.0717,1.5693,1.9826,1.4654,99.9612,43.3141,171.03,-145.47,150.1,398.82,91.91,-61.47,72.53,186.35,66.34,40.78,55.06,148.22,224.59,166.16,170.89,394.59,158.25,q4,2.017,0.999404,0.8561,,,,,,,,,,,,,
sine-1Hz-2_absolute.csv,sine,8890,20.0225,11.107218,0.051657,0.034944,0.044465,0.041601,0.63538,8.7163,7.6957,41.5462,0.602669,737.9839,109,204.532669,344.095947,1.6824,-0.0595,1.5178,2.0247,1.2373,99.9554,179.7462,235.24,147.6,154.06,341.21,76.99,41.69,57.32,134.42,81.25,-48.39,62.14,150.96,160.38,-140.9,144.97,420.9,158.25,q1,1.837,0.999506,0.906,,,,,,,,,,,,,
sine-1Hz-3_absolute.csv,sine,11343,20.0123,10.012095,0.09324,0.047446,0.050103,0.018757,0.232324,11.7503,8.3191,43.6702,0.613939,360.3704,157,204.137631,338.859709,1.66,-0.0822,1.5218,2.204,1.0579,99.9419,169.914,223.98,165.55,169.16,453.62,65.73,36.52,52.84,131.74,92.51,-59.65,71.26,174.96,171.64,-142.42,147.45,378.95,158.25,q1,1.837,0.999506,0.8922,,,,,,,,,,,,,
sine-1Hz-4_absolute.csv,sine,10869,20.9771,9.665421,0.164169,0.074824,0.066016,0.033179,0.213976,19.4959,7.7487,46.8097,0.627645,721.8334,147,203.886376,284.981804,1.3977,-0.0373,1.5241,2.2081,1.2881,99.9495,-78.6684,71.52,71.52,71.52,,71.52,67.86,69.87,406.24,86.73,-18.56,33.04,105.28,165.86,-120.82,127.01,301.55,94.34,q4,1.925,0.999458,0.7504,,,,,,,,,,,,,
sine-1Hz-5_absolute.csv,sine,10994,21.0115,10.485046,0.145703,0.052277,0.075515,0.036406,0.150686,17.604,7.811,46.922,0.626837,789.1679,117,204.766994,282.864342,1.3814,0.0269,1.5138,2.0011,1.4553,99.9576,42.7135,62.08,6.09,36.5,86.71,17.04,-17.04,17.04,,17.04,-17.04,17.04,,62.08,28.0,48.16,115.07,45.04,q1,1.928,0.999456,0.7448,,,,,,,,,,,,,
sine-1Hz-6_absolute.csv,sine,11294,20.0106,9.010783,0.090341,0.060477,0.099102,0.065341,0.440808,16.0965,8.3706,42.102,0.598841,295.7168,177,203.946238,337.21228,1.6534,0.0305,1.5568,2.0365,1.2396,99.9636,-70.927,121.12,-121.12,121.12,,121.12,-65.13,74.41,182.21,116.25,31.04,52.5,121.72,195.38,155.2,160.17,386.21,79.12,q4,1.836,0.999506,0.8878,,,,,,,,,,,,,
sine-1Hz-7_absolute.csv,sine,13273,19.9653,9.678016,0.083969,0.067529,0.048943,0.051871,0.767584,12.9217,7.959,42.1728,0.623177,301.5745,147,206.246262,338.558678,1.6415,0.0091,1.546,1.9589,1.6575,99.9656,-142.7147,20.69,-20.69,20.69,,20.69,-20.69,20.69,,58.43,-19.48,21.78,218.47,137.55,60.86,62.38,437.37,116.86,q4,1.832,0.999509,0.8914,,,,,,,,,,,,,
sine-1Hz-8_absolute.csv,sine,12001,20.9983,12.473926,0.118442,0.098192,0.032014,0.015165,0.655783,15.7877,7.8557,42.3904,0.628082,138.5416,127,208.400578,318.144279,1.5266,0.0069,1.5944,1.9998,1.9998,99.9177,-0.9533,94.04,94.04,94.04,,94.04,42.91,57.21,130.17,64.21,-21.61,44.97,99.92,143.34,-115.34,121.39,316.2,79.12,q4,1.927,0.999456,0.8377,,,,,,,,,,,,,
sine-1Hz-9_absolute.csv,sine,11404,21.0452,7.66543,0.32695,0.164204,0.050699,0.039323,0.260437,37.145,8.7919,46.8012,0.627401,293.9286,259,206.727139,325.841848,1.5762,0.0152,1.5909,2.0168,1.8415,99.9842,-151.2462,132.68,-88.86,97.18,229.86,53.56,-53.56,53.56,,104.69,14.61,33.95,104.87,183.81,127.82,132.79,337.1,130.25,q4,1.931,0.999454,0.8579,,,,,,,,,,,,,
sine-200Hz-10_absolute.csv,sine,9095,200.0,131.157799,0.044339,0.0,0.0,0.0,0.0,4.4339,1.5334,201.1144,0.596915,0.0023,1,92.86865,132.479015,1.4265,0.0119,1.4326,399.89,196.4816,21.3782,164.8759,126.6,0.0,94.95,5.56,126.6,0.0,94.95,5.56,126.6,0.0,94.95,5.56,126.6,0.0,94.95,5.56,0.0,q1,17.801,0.954028,0.3654,15.83,0.125,,,,,,,,,,,
sine-200Hz-1_absolute.csv,sine,10371,199.9807,130.170339,0.048554,0.0,0.0,0.0,0.0,4.8554,1.2972,200.641,0.286445,0.0001,1,93.508183,124.717001,1.3338,0.1382,1.4485,399.9614,198.0523,38.9564,-125.9717,126.6,0.0,94.95,5.56,126.6,0.0,94.95,5.56,126.6,0.0,94.95,5.56,126.6,0.0,94.95,5.56,0.0,q1,17.799,0.954036,0.344,15.82,0.125,,,,,,,,,,,
sine-200Hz-2_absolute.csv,sine,8869,200.0226,125.091012,0.048314,0.0,0.0,0.0,0.0,4.8314,1.6745,202.6131,0.503694,0.0036,1,92.509692,130.493103,1.4106,-0.0269,1.4459,399.9323,198.5568,36.002,-157.9374,126.6,0.0,94.95,5.58,126.6,0.0,94.95,5.58,126.6,0.0,94.95,5.58,126.6,0.0,94.95,5.58,0.0,q1,17.802,0.954019,0.36,15.83,0.125,,,,,,,,,,,
sine-200Hz-3_absolute.csv,sine,9218,200.0434,113.75453,0.091231,0.0,0.0,0.0,0.0,9.1231,1.9663,203.3758,0.564668,0.0105,2,87.290349,174.5655,1.9998,-0.1728,1.6861,399.9783,193.3174,67.7377,-97.0053,120.51,-9.74,81.28,29.07,120.51,-6.09,84.68,27.23,120.51,-6.09,82.37,31.61,120.51,21.91,94.84,31.02,0.0,q1,17.804,0.95401,0.4815,5.17,0.0429,,,,,,,,,,,
sine-200Hz-4_absolute.csv,sine,10215,200.0,96.791449,0.064347,0.0,0.0,0.0,0.0,6.4347,2.4675,201.702,0.604714,0.0358,2,84.481343,310.539433,3.6758,-0.5198,2.7733,387.9589,193.441,50.4212,59.244,126.6,-0.0,94.95,5.56,126.6,-0.0,94.95,5.56,126.6,-0.0,94.95,5.56,126.6,-0.0,94.95,5.56,0.0,q1,17.801,0.954028,0.8566,15.82,0.125,,,,,,,,,,,
sine-200Hz-5_absolute.csv,sine,8849,200.0226,105.727544,0.133662,0.0,0.0,0.0,0.0,13.3662,2.2148,208.1354,0.556507,0.0152,2,81.259436,176.57823,2.173,-0.1648,1.9405,399.9322,200.0226,43.9815,-106.1351,129.95,-4.56,80.93,28.48,129.95,6.39,89.65,27.63,129.95,-15.52,82.44,35.51,129.95,13.69,89.8,29.2,0.0,q1,17.802,0.954019,0.4871,19.42,0.1494,,,,,,,,,,,
sine-200Hz-6_absolute.csv,sine,8908,200.0449,93.773785,0.07622,0.0,0.0,0.0,0.0,7.622,2.1978,204.6882,0.556762,0.008,4,76.377284,183.713707,2.4053,-0.2281,2.1391,399.9775,199.9326,69.3864,164.3056,122.95,7.3,85.95,26.94,122.95,0.0,92.1,17.59,122.95,-3.65,95.02,6.79,122.95,-3.65,95.02,6.79,0.0,q1,17.804,0.954009,0.5068,8.52,0.0693,,,,,,,,,,,
sine-200Hz-7_absolute.csv,sine,8509,200.0235,87.914052,0.100167,0.0,0.0,0.0,0.0,10.0167,2.1903,207.0066,0.64398,0.0092,3,67.501558,146.670919,2.1729,0.0534,1.8142,399.9295,194.2649,40.2711,62.1425,141.51,-1.52,63.27,24.09,95.86,0.91,59.22,14.53,141.51,-0.3,61.28,20.41,95.86,0.91,59.22,14.53,45.65,q1,17.803,0.954018,0.4046,28.91,0.2043,,,,,,,,,,,
sine-200Hz-8_absolute.csv,sine,9445,200.0,120.301646,0.176835,0.0,0.0,0.0,0.0,17.6835,1.7108,208.342,0.487553,0.0012,2,89.41263,144.919647,1.6208,-0.3666,1.6877,400.0,199.8941,23.0768,111.8389,142.42,0.0,92.27,19.91,142.42,0.0,92.27,19.91,142.42,0.0,92.27,19.91,142.42,0.0,92.27,19.91,0.0,q1,17.801,0.954028,0.3997,47.47,0.3333,,,,,,,,,,,
sine-200Hz-9_absolute.csv,sine,7828,200.0511,104.918653,0.10514,0.0,0.0,0.0,0.0,10.514,1.9209,204.3954,0.610229,0.0065,2,88.478161,141.428591,1.5985,-0.1828,1.5588,399.9745,199.9234,63.7301,116.1429,142.42,0.0,92.27,19.88,142.42,0.0,92.27,19.88,142.42,0.0,92.27,19.88,142.42,0.0,92.27,19.88,0.0,q1,17.805,0.954006,0.3901,47.47,0.3333,,,,,,,,,,,
sine-300Hz-10_absolute.csv,sine,10414,299.9808,514.761467,0.0,0.0,0.0,0.0,0.0,0.0,1.312,300.1849,0.350123,0.0004,1,380.782903,565.165646,1.4842,0.0187,1.5173,599.9616,101.69,41.9761,-174.0018,538.04,-0.0,382.42,5.08,538.04,-0.0,382.42,5.08,538.04,-0.0,382.42,5.08,538.04,-0.0,382.42,5.08,0.0,q1,25.77,0.904602,1.6441,23.15,0.043,,,,,,,,,,,
sine-300Hz-1_absolute.csv,sine,7198,299.9444,482.016432,0.0,0.0,0.0,0.0,0.0,0.0,1.2926,299.5761,0.261065,0.0013,1,383.836127,557.582964,1.4527,0.0126,1.5603,599.8889,100.0278,67.8299,89.6991,556.0,5.78,387.53,6.24,556.0,-10.04,385.57,6.25,556.0,11.87,384.44,6.04,556.0,-7.61,384.33,5.97,0.0,q1,25.767,0.904622,1.622,5.29,0.0095,,,,,,,,,,,
sine-300Hz-2_absolute.csv,sine,7667,299.987,536.411423,0.0,0.0,0.0,0.0,0.0,0.0,1.3098,299.7668,0.322994,0.0007,1,382.946365,573.238476,1.4969,-0.0178,1.5317,599.8435,100.0391,22.8775,-142.0393,519.17,-6.7,375.17,5.45,519.17,7.91,374.84,5.13,519.17,-5.48,374.67,5.34,519.17,4.26,376.33,5.52,0.0,q1,25.771,0.904599,1.6676,9.05,0.0174,,,,,,,,,,,
sine-300Hz-3_absolute.csv,sine,8337,299.988,531.149665,0.0,0.0,0.0,0.0,0.0,0.0,1.292,299.784,0.341455,0.001,1,382.24366,581.029711,1.5201,0.0274,1.5035,599.976,100.8756,23.169,-176.9946,577.6,-3.04,387.21,5.66,577.6,3.04,388.2,5.66,577.6,-3.04,387.21,5.66,577.6,3.04,388.2,5.66,0.0,q1,25.771,0.904598,1.6903,4.59,0.0079,,,,,,,,,,,
sine-300Hz-4_absolute.csv,sine,9146,300.0219,528.782828,0.0,0.0,0.0,0.0,0.0,0.0,1.2821,299.9455,0.266588,0.0003,1,381.312396,590.418758,1.5484,-0.0099,1.5034,599.9344,109.6654,32.0572,42.0409,518.57,7.3,381.04,4.1,518.57,-9.74,380.22,4.43,518.57,12.17,376.92,5.56,518.57,-9.74,380.22,4.55,0.0,q1,25.773,0.90458,1.7176,2.78,0.0054,,,,,,,,,,,
sine-300Hz-5_absolute.csv,sine,7217,299.9861,540.408033,0.0,0.0,0.0,0.0,0.0,0.0,1.3077,300.0122,0.355111,0.0004,1,383.746587,575.849276,1.5006,0.0413,1.5179,599.9723,103.2285,22.5554,-30.8424,586.43,-1.52,384.38,5.92,586.43,2.13,382.05,5.63,586.43,-2.74,383.9,5.77,586.43,2.13,382.05,5.63,0.0,q1,25.771,0.904599,1.6752,7.98,0.0136,,,,,,,,,,,
sine-300Hz-6_absolute.csv,sine,7228,299.9447,490.230649,0.0,0.0,0.0,0.0,0.0,0.0,1.263,299.9206,0.199114,0.0002,1,387.897267,555.028067,1.4309,-0.0078,1.5232,599.8893,100.0277,67.68,154.8319,553.87,9.74,387.63,2.58,553.87,-9.74,387.63,2.58,553.87,9.74,387.63,2.58,553.87,-9.74,387.63,2.58,0.0,q1,25.767,0.904622,1.6146,1.03,0.0019,,,,,,,,,,,
sine-300Hz-7_absolute.csv,sine,9902,300.0404,496.23804,0.0,0.0,0.0,0.0,0.0,0.0,1.2603,299.8909,0.114191,0.0004,1,386.615405,558.374437,1.4443,-0.0229,1.5309,599.8788,99.9798,62.2141,-45.2736,569.69,8.52,385.46,5.82,569.69,-8.52,385.91,5.87,569.69,8.52,385.46,5.82,569.69,-8.52,385.91,5.87,0.0,q1,25.775,0.90457,1.6244,30.62,0.0538,,,,,,,,,,,
sine-300Hz-8_absolute.csv,sine,9210,300.0,545.049535,0.0,0.0,0.0,0.0,0.0,0.0,1.2802,299.9243,0.263599,0.0003,1,385.906795,561.144325,1.4541,-0.0154,1.5283,599.8914,101.8458,7.3146,-171.8989,572.43,-6.39,378.43,6.9,535.3,10.65,382.66,6.6,572.43,-12.48,380.38,7.65,535.3,8.22,379.5,6.89,37.13,q1,25.772,0.904592,1.6324,2.81,0.0049,,,,,,,,,,,
sine-300Hz-9_absolute.csv,sine,8321,299.9639,507.185867,0.0,0.0,0.0,0.0,0.0,0.0,1.2834,299.9714,0.304821,0.0002,1,383.982538,563.566809,1.4677,-0.0019,1.5091,599.9279,102.5117,55.6779,115.7328,565.43,15.22,389.02,6.1,565.43,-6.7,388.37,6.01,565.43,11.56,387.55,6.27,565.43,-20.09,392.54,6.23,0.0,q1,25.769,0.904612,1.6395,17.99,0.0318,,,,,,,,,,,
sine-400Hz-10_absolute.csv,sine,7651,399.9477,73.75064,0.0,0.0,0.0,0.0,0.0,0.0,1.5036,395.3953,0.503546,0.0007,2,58.566572,139.529606,2.3824,0.2824,2.089,799.8954,198.4054,69.0382,-127.5431,94.95,0.0,59.21,14.41,94.95,0.0,59.21,14.41,94.95,0.0,59.21,14.41,94.95,0.0,59.21,14.41,0.0,q1,32.858,0.846764,0.4336,31.65,0.3333,,,,,,,,,,,
sine-400Hz-1_absolute.csv,sine,6884,400.0581,84.233453,0.0,0.0,0.0,0.0,0.0,0.0,2.0172,391.0998,0.546225,0.005,4,63.676859,80.296375,1.261,0.0268,1.5445,662.6961,197.4143,55.3704,106.4184,92.82,-0.91,60.33,19.94,92.82,-2.13,59.25,14.95,92.82,1.52,62.45,25.58,92.82,1.52,62.45,25.28,0.0,q1,32.866,0.846698,0.2496,27.39,0.2951,,,,,,,,,,,
sine-400Hz-2_absolute.csv,sine,9258,399.9784,53.80314,0.0,0.0,0.0,0.0,0.0,0.0,2.2606,373.8938,0.66825,0.006,2,47.967488,126.22406,2.6315,0.3626,2.885,799.8488,196.2627,52.4871,21.3705,108.95,4.26,62.38,44.55,108.95,-1.83,63.33,47.06,108.95,-0.61,63.14,46.86,108.95,-1.83,63.33,47.06,0.0,q1,32.86,0.846746,0.3923,59.65,0.5475,,,,,,,,,,,
sine-400Hz-3_absolute.csv,sine,6425,400.0,82.918788,0.0,0.0,0.0,0.0,0.0,0.0,1.4379,395.6301,0.498107,0.0004,2,59.508876,94.628611,1.5902,-0.3387,1.829,799.8444,187.393,16.1037,-89.5799,94.95,-0.0,59.21,14.44,94.95,-0.0,59.21,14.44,94.95,-0.0,59.21,14.44,94.95,-0.0,59.21,14.44,0.0,q1,32.862,0.846733,0.2941,30.13,0.3173,,,,,,,,,,,
sine-400Hz-4_absolute.csv,sine,747,400.2677,80.749756,0.0,0.0,0.0,0.0,0.0,0.0,1.3988,395.8314,0.000288,0.0,2,59.278868,94.906433,1.601,-0.3433,1.8431,799.1968,192.7711,37.7449,90.0051,94.95,-0.0,59.21,14.74,94.95,-0.0,59.21,14.74,94.95,-0.0,59.21,14.74,94.95,-0.0,59.21,14.74,0.0,q1,32.88,0.846573,0.295,31.65,0.3333,,,,,,,,,,,
sine-400Hz-5_absolute.csv,sine,7621,399.9475,73.489144,0.0,0.0,0.0,0.0,0.0,0.0,2.2952,389.722,0.534596,0.0099,3,64.194863,81.044397,1.2625,0.0443,1.5205,683.1125,196.8246,77.5044,73.3856,94.95,0.0,59.21,14.46,94.95,0.0,59.21,14.46,94.95,0.0,59.21,14.46,94.95,0.0,59.21,14.46,0.0,q1,32.858,0.846764,0.2519,31.65,0.3333,,,,,,,,,,,
sine-400Hz-6_absolute.csv,sine,9894,400.0404,69.134135,0.0,0.0,0.0,0.0,0.0,0.0,2.548,387.8318,0.547629,0.0336,6,72.072878,180.376169,2.5027,-0.1732,2.6854,664.241,173.1352,80.1427,-139.8394,94.95,-0.0,59.21,14.43,94.95,-0.0,59.21,14.43,94.95,-0.0,59.21,14.43,94.95,-0.0,59.21,14.43,0.0,q1,32.865,0.846709,0.5606,30.13,0.3173,,,,,,,,,,,
sine-400Hz-7_absolute.csv,sine,7998,399.975,89.269058,0.0,0.0,0.0,0.0,0.0,0.0,2.0317,389.477,0.596262,0.0044,3,66.998276,83.595623,1.2477,0.1074,1.4029,776.4441,195.5489,49.5817,-3.4191,94.95,0.0,59.21,14.44,94.95,0.0,59.21,14.44,94.95,0.0,59.21,14.44,94.95,0.0,59.21,14.44,0.0,q1,32.86,0.846748,0.2598,31.65,0.3333,,,,,,,,,,,
sine-400Hz-8_absolute.csv,sine,7518,399.9734,85.432811,0.0,0.0,0.0,0.0,0.0,0.0,2.2817,385.391,0.58054,0.0093,5,67.358042,82.102463,1.2189,-0.0717,1.3835,763.767,190.8752,54.3378,-66.0953,80.04,1.52,69.37,26.45,80.04,0.3,70.08,24.82,80.04,-0.91,70.78,23.01,80.04,-0.91,70.78,23.01,0.0,q1,32.86,0.846749,0.2552,1.83,0.0228,,,,,,,,,,,
sine-400Hz-9_absolute.csv,sine,7538,399.9735,84.823447,0.0,0.0,0.0,0.0,0.0,0.0,2.0402,391.1996,0.597491,0.0057,2,63.677367,89.746643,1.4094,0.2475,1.5844,799.9469,197.0019,42.3848,119.5111,93.73,1.22,61.41,23.14,93.73,1.22,61.41,23.04,93.73,-1.22,59.22,14.59,93.73,-1.22,59.22,14.59,0.0,q1,32.86,0.846749,0.2789,26.23,0.2798,,,,,,,,,,,
sine_100Hz_100Hz_10_absolute.csv,sine,17863,99.9832,128.783958,0.046894,0.014736,0.017596,0.017294,0.205794,5.4999,2.1515,106.9031,0.684656,1.5023,4,101.128318,218.537804,2.161,-0.0065,1.7537,199.9664,99.9832,58.7371,-84.5986,181.68,-8.22,99.26,30.63,181.68,5.17,99.03,31.37,181.68,-2.13,103.05,28.36,181.68,5.17,100.96,29.95,0.0,q1,9.106,0.987891,0.5821,1.83,0.0101,,,,,,,,,,,
sine_100Hz_100Hz_11_absolute.csv,sine,16559,100.006,131.675821,0.046056,0.004268,0.020068,0.0,0.007217,5.0419,2.5367,109.4116,0.67698,0.2357,6,101.588106,216.127643,2.1275,-0.0625,1.9231,200.0121,100.006,41.6418,-55.0272,175.9,3.04,97.48,31.81,175.9,-5.48,110.5,26.03,175.9,1.83,100.13,33.43,175.9,0.61,101.78,35.82,0.0,q1,9.108,0.987885,0.5757,0.37,0.0021,,,,,,,,,,,
sine_100Hz_100Hz_12_absolute.csv,sine,18319,100.0055,134.427907,0.00798,0.005151,0.004365,0.0,0.320697,1.0454,2.3478,108.77,0.680421,0.2406,5,100.349553,202.41646,2.0171,0.0299,1.717,199.9563,100.0055,34.6717,10.9102,193.25,7.0,96.84,25.8,193.25,-7.61,95.53,32.09,202.37,5.78,103.62,28.21,202.37,-5.17,102.24,25.23,9.13,q3,9.108,0.987885,0.5392,3.04,0.015,,,,,,,,,,,
sine_100Hz_100Hz_13_absolute.csv,sine,17742,99.9887,127.741343,0.018019,0.008512,0.010679,0.012849,0.541462,2.6006,2.6635,110.2171,0.68607,1.4211,6,102.313159,219.328053,2.1437,0.0043,1.9727,199.9775,99.7069,54.5857,-95.1458,174.99,-11.26,92.16,42.06,220.63,5.78,107.55,39.42,220.63,-3.96,115.59,31.33,174.99,9.43,90.15,39.11,45.65,q2,9.106,0.987889,0.5843,2.92,0.0132,,,,,,,,,,,
sine_100Hz_100Hz_1_absolute.csv,sine,25020,100.0,132.140861,0.029681,0.008008,0.015558,0.0,0.057098,3.4455,2.671,109.6937,0.710903,0.1655,5,102.263615,212.230681,2.0753,0.0394,1.9502,199.96,100.0,40.8891,-6.7335,209.37,7.3,110.65,45.58,209.37,-4.87,100.1,42.51,209.37,4.87,104.64,42.97,209.37,-7.3,108.67,53.82,0.0,q1,9.107,0.987887,0.5654,4.87,0.0233,,,,,,,,,,,
sine_100Hz_100Hz_2_absolute.csv,sine,18611,99.9946,133.719447,0.004976,0.005569,0.003204,0.006988,2.2793,1.0718,2.2048,108.4756,0.685919,2.4535,4,99.814267,211.360545,2.1175,-0.0357,1.7536,199.9893,99.9946,35.6624,32.36,181.38,3.65,98.48,29.8,214.24,-7.3,107.04,28.14,181.38,9.74,97.54,29.75,181.38,-6.09,93.81,33.32,32.87,q2,9.107,0.987888,0.563,1.1,0.0051,,,,,,,,,,,
sine_100Hz_100Hz_3_absolute.csv,sine,19298,100.0104,132.442307,0.007865,0.003916,0.008303,0.0,0.117242,1.2088,2.1877,107.7052,0.674699,0.3474,6,100.156324,209.531231,2.092,-0.0365,1.7548,200.0207,100.0104,42.2317,-120.0794,210.59,2.43,102.56,25.3,185.03,1.22,102.4,26.22,185.03,-3.65,96.95,28.75,185.03,0.0,97.43,29.93,25.56,q1,9.108,0.987884,0.5582,3.04,0.0145,,,,,,,,,,,
sine_100Hz_100Hz_4_absolute.csv,sine,17351,99.9942,135.657786,0.005217,0.019046,0.002325,0.029823,38.384933,3.5844,2.4134,108.7196,0.688573,2.1205,4,103.748518,158.758742,1.5302,0.0065,1.8093,199.9885,99.9942,41.109,33.1675,166.46,8.22,107.82,34.31,166.46,-6.39,100.19,37.68,166.46,7.0,102.69,33.59,166.46,-8.83,107.42,32.57,0.0,q1,9.107,0.987888,0.4229,1.22,0.0073,,,,,,,,,,,
sine_100Hz_100Hz_5_absolute.csv,sine,14396,100.0278,122.778113,0.0118,0.006025,0.011722,0.0,0.131219,1.769,2.1923,107.7747,0.651049,0.6329,6,101.158994,217.772376,2.1528,0.0518,1.782,199.9861,99.9583,68.2207,24.0365,177.12,5.48,102.67,33.33,177.12,-5.48,95.23,29.93,177.12,0.61,100.82,31.3,177.12,-0.61,105.73,27.48,0.0,q1,9.11,0.98788,0.5801,9.13,0.0515,,,,,,,,,,,
sine_100Hz_100Hz_6_absolute.csv,sine,14692,99.9864,132.079179,0.009662,0.015059,0.0112,0.014089,1.943673,2.5379,2.3158,108.5831,0.648609,1.7769,4,102.027356,210.509047,2.0633,0.0804,1.758,199.9728,99.9864,48.4735,-77.0166,206.64,-2.13,110.09,31.65,188.98,5.17,95.4,34.2,206.64,-5.78,105.93,33.22,206.64,2.74,103.37,35.85,17.65,q1,9.106,0.98789,0.5608,9.37,0.0454,,,,,,,,,,,
sine_100Hz_100Hz_7_absolute.csv,sine,31191,99.9968,133.898711,0.005343,0.005407,0.003542,0.003821,1.066729,0.9216,2.2603,108.4095,0.700581,2.4046,4,100.086579,207.423042,2.0724,-0.0299,1.7603,199.9936,99.9968,36.6939,-141.0959,184.72,-4.56,92.71,27.38,210.9,5.17,106.55,29.97,210.9,-4.56,104.43,26.22,184.72,3.96,95.93,34.67,26.17,q2,9.107,0.987887,0.5525,0.61,0.0029,,,,,,,,,,,
sine_100Hz_100Hz_8_absolute.csv,sine,21444,99.9813,127.393354,0.098923,0.03226,0.034649,0.006152,0.09817,10.984,1.7329,104.4305,0.626433,1.261,7,102.139884,166.568492,1.6308,-0.0914,1.7972,200.0093,99.9813,67.7214,-108.0316,165.86,-5.78,104.55,18.49,165.86,6.39,102.65,20.44,165.86,-8.22,101.57,20.24,165.86,7.61,104.14,19.59,0.0,q1,9.105,0.987891,0.4437,15.22,0.0917,,,,,,,,,,,
sine_100Hz_100Hz_9_absolute.csv,sine,22026,100.0182,120.346347,0.017034,0.007529,0.009867,0.0,0.146259,2.1076,2.6809,110.3384,0.699344,0.5266,5,102.093556,215.135663,2.1072,0.0134,1.9557,199.9909,100.0182,69.5883,-120.4121,173.46,3.04,92.36,48.35,173.46,0.61,90.9,48.26,222.16,0.61,113.52,41.85,222.16,-4.26,106.72,45.72,48.69,q3,9.109,0.987882,0.5731,3.41,0.0153,,,,,,,,,,,
sine_100Hz_absolute.csv,sine,19543,99.9846,129.153889,0.007081,0.007922,0.004013,0.016747,5.181054,2.0235,2.1435,107.9583,0.647546,1.4298,6,101.69356,208.055268,2.0459,0.0096,1.7898,200.0205,99.9846,59.7933,-175.5953,188.68,-1.22,92.91,28.27,206.94,0.0,103.58,29.08,206.94,-2.43,103.79,26.82,188.68,3.65,93.46,26.79,18.26,q2,9.106,0.98789,0.5542,2.07,0.01,,,,,,,,,,,
sine_1Hx_absolute.csv,sine,22584,119.9965,49.581521,0.04001,0.019894,0.01393,0.0,0.220504,4.6805,5.3071,160.2289,0.758938,4.8062,20,137.563506,296.564319,2.1558,-0.0085,1.783,42.4637,64.9575,97.4167,75.9714,65.13,24.95,46.77,77.89,65.13,26.17,47.43,77.83,93.12,3.04,35.5,75.84,93.12,-54.17,67.08,146.38,28.0,q3,10.89,0.982696,0.7942,28.52,0.3063,,,,,,,,,,,
sine_1Hz_1Hz_10_absolute.csv,sine,16304,119.9706,25.513418,0.01885,0.027654,0.026227,0.0,0.733093,4.252,7.4061,171.0619,0.741527,6.9883,58,135.635406,254.469268,1.8761,0.0114,1.6399,22.6938,46.185,99.3336,-178.8171,70.6,45.04,58.29,140.41,87.65,-8.52,29.04,93.97,87.65,-18.26,31.77,113.3,87.65,-18.26,31.77,111.6,17.04,q2,10.888,0.982703,0.6814,17.04,0.1944,,,,,,,,,,,
sine_1Hz_1Hz_11_absolute.csv,sine,27310,119.9927,27.368824,0.015621,0.03252,0.016492,0.0,2.049373,3.9668,7.5551,171.131,0.7499,6.2667,39,136.936492,276.382522,2.0183,-0.0115,1.6426,26.2175,54.3025,99.3935,-179.9218,102.56,73.34,82.69,207.45,55.69,10.04,31.32,92.75,55.69,-37.43,50.12,139.91,55.69,-45.95,52.8,196.08,46.87,q1,10.89,0.982697,0.7401,10.28,0.1002,,,,,,,,,,,
sine_1Hz_1Hz_12_absolute.csv,sine,22290,120.0538,36.896556,0.009578,0.011885,0.019686,0.0,0.294725,2.4911,6.2775,165.1806,0.759041,3.9087,33,135.419273,292.377977,2.1591,-0.0067,1.7451,39.2553,50.2019,98.8341,-53.1246,154.6,-94.95,100.88,289.27,75.47,-35.3,53.02,113.03,82.78,28.0,51.92,94.55,161.9,102.25,110.43,254.26,86.43,q4,10.896,0.982679,0.783,15.97,0.0986,,,,,,,,,,,
sine_1Hz_1Hz_1_absolute.csv,sine,29315,120.0068,46.769467,0.019768,0.021348,0.031239,0.0,0.333456,4.269,5.5449,160.4623,0.753007,3.2936,19,135.54548,276.955949,2.0433,0.0167,1.7556,42.6062,68.395,97.7673,41.1448,198.11,-99.51,111.41,209.85,118.99,-21.61,55.85,73.95,118.38,38.04,60.51,109.37,118.38,83.08,91.92,218.78,79.73,q1,10.891,0.982693,0.7417,10.76,0.0543,,,,,,,,,,,
sine_1Hz_1Hz_3_absolute.csv,sine,22642,119.9982,32.985637,0.015852,0.011792,0.006756,0.0,0.468279,2.088,7.0073,169.9454,0.744305,9.619,43,136.620691,263.221204,1.9267,-0.0004,1.6767,28.0011,55.9138,98.7272,51.5057,191.42,108.64,115.88,280.75,112.3,29.52,47.99,116.06,125.08,-44.74,61.89,129.04,125.08,-93.43,101.15,248.3,79.12,q1,10.891,0.982695,0.7049,8.46,0.0442,,,,,,,,,,,
sine_1Hz_1Hz_4_absolute.csv,sine,15507,120.0748,17.441517,0.086326,0.0376,0.023087,0.0,0.177046,9.6948,8.6963,158.7253,0.734704,14.3917,112,136.975226,261.134202,1.9064,0.0741,1.6392,17.8629,36.7576,99.7731,-63.1641,178.94,-103.47,109.29,305.19,99.82,-25.56,39.91,121.75,58.43,41.39,52.64,154.78,137.55,87.65,95.6,235.62,120.51,q1,10.897,0.982674,0.6993,28.88,0.1614,,,,,,,,,,,
sine_1Hz_1Hz_5_absolute.csv,sine,23362,119.9812,28.080897,0.021386,0.01479,0.015747,0.0,0.310143,3.0398,7.3663,171.848,0.741952,7.1471,51,136.605225,263.681187,1.9302,-0.0052,1.671,28.8075,40.8355,99.1029,127.7717,137.86,59.95,73.64,157.38,58.73,34.39,50.16,110.99,99.51,-11.87,49.76,76.26,178.64,-82.47,92.9,206.61,119.9,q4,10.889,0.9827,0.7061,19.93,0.1116,,,,,,,,,,,
sine_1Hz_1Hz_7_absolute.csv,sine,28559,119.9622,27.03825,0.027529,0.030462,0.013641,0.0,0.983068,4.3265,7.739,171.2491,0.753016,9.9024,44,136.952942,240.885051,1.7589,-0.0154,1.7046,25.7012,45.905,99.3935,110.1338,176.81,96.47,104.61,253.06,97.69,18.56,43.42,95.12,60.56,-36.21,51.43,122.69,139.68,-78.82,85.58,250.62,116.25,q1,10.887,0.982705,0.6451,16.94,0.0958,,,,,,,,,,,
sine_1Hz_1Hz_8_absolute.csv,sine,19918,120.0422,13.190141,0.032046,0.084279,0.011611,0.0,6.11393,9.091,8.9057,141.8272,0.739995,30.4344,126,129.391406,237.622252,1.8365,0.0037,1.5405,12.5515,20.3334,99.7456,-36.1955,69.99,-52.95,62.14,184.8,69.99,7.91,12.55,128.01,88.25,24.95,40.3,110.96,88.25,20.09,33.91,113.61,18.26,q3,10.894,0.982683,0.6363,2.84,0.0322,,,,,,,,,,,
sine_1Hz_1Hz_9_absolute.csv,sine,18311,120.0371,48.475544,0.017957,0.011276,0.014741,0.0,0.235571,2.5824,5.593,160.8303,0.755999,3.4401,16,137.004428,251.121799,1.8329,-0.0018,1.7973,42.652,55.595,97.1674,-68.3028,130.86,-82.17,90.74,219.7,51.73,-33.48,47.24,129.79,106.51,22.52,49.09,90.79,185.64,93.12,102.54,229.3,133.9,q4,10.894,0.982684,0.6725,17.62,0.0949,,,,,,,,,,,
sine_1Hz_1hz_2_absolute.csv,sine,26450,120.0378,33.813732,0.037992,0.010647,0.016796,0.0,0.0657,4.2882,6.8376,170.1942,0.739459,6.9549,50,136.344458,260.699258,1.9121,0.0521,1.6608,28.6957,56.673,98.763,54.6105,173.77,-103.17,109.61,292.01,94.64,-25.26,45.65,107.29,63.6,41.69,54.7,147.02,142.73,86.73,93.9,252.04,110.16,q1,10.894,0.982684,0.6981,18.11,0.1042,,,,,,,,,,,
sine_1Hz_1hz_6_absolute.csv,sine,20077,120.0379,32.044053,0.018847,0.017852,0.01991,0.0,0.423996,3.2716,7.038,170.8363,0.744399,3.441,46,136.55398,262.322642,1.921,-0.0315,1.6524,27.5938,37.9539,98.8104,-134.3449,138.77,-80.34,87.54,245.82,59.65,-46.26,54.95,178.98,98.6,24.35,39.14,121.24,177.72,102.25,109.03,283.08,118.08,q4,10.894,0.982684,0.7025,19.95,0.1123,,,,,,,,,,,
sine_1Hz_absolute.csv,sine,19593,120.0429,28.785619,0.0109,0.037959,0.012637,0.0,5.173547,4.1466,7.1811,175.1895,0.742782,10.4274,41,136.587005,201.846362,1.4778,-0.0307,1.6514,25.06,51.7021,99.1073,176.412,140.6,108.95,115.64,291.01,140.6,35.91,55.17,108.45,96.77,-39.56,54.88,132.69,175.9,-105.3,111.62,296.44,79.12,q4,10.895,0.982682,0.5405,17.45,0.0992,,,,,,,,,,,
sine_200H_absolute.csv,sine,15401,199.987,130.199433,0.013054,0.0,0.0,0.0,0.0,1.3054,2.3249,198.1478,0.64876,0.0115,5,100.919666,209.175915,2.0727,-0.0463,1.7913,399.974,199.5974,50.6525,-114.3792,185.64,-1.83,103.98,31.51,185.64,0.61,100.5,31.87,185.64,-0.61,100.35,32.25,185.64,1.83,102.54,30.2,0.0,q1,17.8,0.954034,0.577,15.22,0.082,,,,,,,,,,,
sine_200Hz_200Hz_10_absolute.csv,sine,17904,200.0112,127.74394,0.021689,0.0,0.0,0.0,0.0,2.1689,2.7364,195.7132,0.698966,0.0106,7,101.077655,216.344744,2.1404,0.0028,2.0116,400.0223,187.8351,49.0319,122.6916,175.29,1.22,97.92,46.84,220.33,3.65,98.48,38.78,175.29,-4.87,103.26,36.15,175.29,0.0,96.65,34.64,45.04,q2,17.802,0.954023,0.5968,1.6,0.0073,,,,,,,,,,,
sine_200Hz_200Hz_11_absolute.csv,sine,18169,200.011,132.623176,0.013477,0.0,0.0,0.0,0.0,1.3477,2.3383,197.2856,0.668009,0.0113,5,101.269272,214.243178,2.1156,0.05,1.8784,399.967,166.6025,44.0173,-80.4116,183.81,4.87,103.31,35.71,183.81,-4.87,101.82,30.74,183.81,-2.43,100.53,32.91,183.81,2.43,101.76,34.7,0.0,q1,17.802,0.954024,0.591,17.92,0.0975,,,,,,,,,,,
sine_200Hz_200Hz_12_absolute.csv,sine,14748,200.0271,119.823877,0.024387,0.0,0.0,0.0,0.0,2.4387,2.7678,192.2569,0.682082,0.0123,6,102.357354,209.065909,2.0425,0.0071,2.0476,399.9186,144.2908,70.0214,-27.9378,187.16,4.56,97.19,36.49,208.46,-2.74,101.84,36.74,187.16,-0.3,96.73,34.4,187.16,-1.52,96.86,35.73,21.3,q2,17.803,0.954017,0.5767,6.09,0.0292,,,,,,,,,,,
sine_200Hz_200Hz_1_absolute.csv,sine,17604,200.0114,125.149639,0.027465,0.0,0.0,0.0,0.0,2.7465,2.7575,190.8913,0.681384,0.0109,6,100.372883,228.522014,2.2767,0.0346,1.9561,399.9659,197.3415,50.5755,179.2889,168.29,-3.35,96.78,38.21,168.29,1.52,95.29,38.64,168.29,0.3,94.65,42.02,168.29,1.52,102.12,42.78,0.0,q1,17.802,0.954023,0.6304,4.87,0.0289,,,,,,,,,,,
sine_200Hz_200Hz_2_absolute.csv,sine,19240,200.0,134.065158,0.021607,0.0,0.0,0.0,0.0,2.1607,2.2591,200.2675,0.690895,0.0081,4,99.549041,198.738463,1.9964,0.0873,1.8287,400.0,193.659,31.1012,162.6865,202.07,0.0,95.18,29.48,202.07,1.22,95.24,28.65,202.07,-2.43,95.07,27.39,202.07,1.22,98.22,28.31,0.0,q1,17.801,0.954028,0.5482,14.73,0.0729,,,,,,,,,,,
sine_200Hz_200Hz_3_absolute.csv,sine,20573,200.0194,124.737263,0.014476,0.0,0.0,0.0,0.0,1.4476,2.3721,197.9926,0.686248,0.0117,6,101.505675,173.555127,1.7098,0.0146,1.9015,399.9903,161.7654,63.9333,172.6059,178.64,-1.52,99.62,36.71,178.64,-1.52,99.62,36.55,178.64,2.13,97.94,38.39,178.64,0.91,102.02,36.49,0.0,q1,17.802,0.95402,0.4787,12.23,0.0684,,,,,,,,,,,
sine_200Hz_200Hz_4_absolute.csv,sine,18247,199.9781,118.137052,0.01692,0.0,0.0,0.0,0.0,1.692,2.2301,197.5161,0.649235,0.0077,4,101.131128,224.311141,2.218,0.0485,1.7545,399.9562,185.3455,74.8816,58.9563,166.46,-2.74,103.78,32.48,166.46,0.91,100.78,35.61,166.46,-2.74,99.04,34.34,166.46,4.56,100.6,37.68,0.0,q1,17.799,0.954038,0.6187,18.27,0.1097,,,,,,,,,,,
sine_200Hz_200Hz_5_absolute.csv,sine,15623,200.0256,119.867502,0.021761,0.0,0.0,0.0,0.0,2.1761,2.3406,196.286,0.644803,0.0079,7,100.30788,178.22272,1.7768,0.0477,1.9314,399.9872,199.8976,68.1725,-132.2913,181.99,1.83,104.35,33.93,181.99,-0.61,100.01,37.61,181.99,-1.83,102.11,35.6,181.99,0.61,100.78,35.97,0.0,q1,17.803,0.954017,0.4916,17.34,0.0953,,,,,,,,,,,
sine_200Hz_200Hz_6_absolute.csv,sine,25385,200.0,136.298633,0.006697,0.0,0.0,0.0,0.0,0.6697,2.2003,198.5925,0.682029,0.0126,5,101.505629,219.767417,2.1651,0.0501,1.7431,400.0,140.7524,32.5728,-30.1649,185.64,0.61,103.19,34.85,185.64,1.83,106.72,31.75,185.64,-1.83,100.65,36.92,185.64,-0.61,103.34,35.97,0.0,q1,17.801,0.954028,0.6062,13.84,0.0746,,,,,,,,,,,
sine_200Hz_200Hz_7_absolute.csv,sine,18324,200.0109,132.751968,0.058833,0.0,0.0,0.0,0.0,5.8833,2.4045,198.3508,0.690091,0.0112,7,101.06416,178.689662,1.7681,0.0824,1.9823,399.9673,186.5859,40.8757,58.2875,174.07,1.22,100.95,36.08,174.07,-1.22,98.63,35.81,174.07,-1.22,101.52,35.08,174.07,1.22,100.95,36.07,0.0,q1,17.802,0.954024,0.4929,29.53,0.1696,,,,,,,,,,,
sine_200Hz_200Hz_8_absolute.csv,sine,26036,199.9923,126.446089,0.031388,0.0,0.0,0.0,0.0,3.1388,2.5816,194.7014,0.695076,0.0114,3,101.331259,207.385961,2.0466,0.0311,1.9378,399.9846,198.7248,56.387,179.934,206.33,0.61,104.5,40.38,206.33,-1.83,100.96,34.84,206.33,0.61,98.82,28.74,189.29,0.61,92.79,30.72,17.04,q1,17.8,0.954032,0.572,9.23,0.0447,,,,,,,,,,,
sine_200Hz_200Hz_9_absolute.csv,sine,18748,200.0213,121.587846,0.015418,0.0,0.0,0.0,0.0,1.5418,2.0134,202.7391,0.67054,0.0065,6,97.852856,159.796886,1.633,-0.0028,1.8853,399.9893,133.7743,65.1435,106.771,165.86,-1.52,96.48,35.22,165.86,-0.3,97.87,34.09,165.86,0.91,98.27,31.84,165.86,0.91,99.24,31.27,0.0,q1,17.802,0.954019,0.4408,7.13,0.043,,,,,,,,,,,
sine_200Hz_absolute.csv,sine,19520,200.0,135.338026,0.033793,0.0,0.0,0.0,0.0,3.3793,2.3124,198.4342,0.644818,0.0092,6,101.592252,211.798572,2.0848,0.0859,1.7771,400.0,153.7398,34.3846,-33.7776,180.16,-3.65,102.16,34.45,180.16,-1.22,102.68,32.95,180.16,3.65,104.64,32.78,180.16,1.22,101.31,35.89,0.0,q1,17.801,0.954028,0.5842,9.03,0.0501,,,,,,,,,,,
sine_300Hz_300Hz_10_absolute.csv,sine,24893,300.004,185.984662,0.0,0.0,0.0,0.0,0.0,0.0,1.8354,295.5433,0.66606,0.0056,2,135.271758,249.046867,1.8411,0.0365,1.6425,599.9679,124.8142,22.0627,-155.5629,253.81,-1.83,138.03,21.0,220.94,0.61,134.2,19.82,220.94,-5.48,135.3,21.19,220.94,6.7,135.25,21.17,32.87,q1,25.772,0.90459,0.7245,2.04,0.008,,,,,,,,,,,
sine_300Hz_300Hz_11_absolute.csv,sine,17704,299.9887,170.567018,0.0,0.0,0.0,0.0,0.0,0.0,2.2272,282.8707,0.670651,0.0069,3,133.429014,250.801195,1.8797,0.0049,1.8349,599.9774,123.362,53.2647,62.9094,221.55,7.3,136.69,31.83,221.55,1.22,132.04,32.26,253.2,0.0,129.61,30.0,253.2,-8.52,131.74,31.73,31.65,q3,25.771,0.904598,0.7296,1.23,0.0049,,,,,,,,,,,
sine_300Hz_300Hz_12_absolute.csv,sine,22496,300.0089,177.397714,0.0,0.0,0.0,0.0,0.0,0.0,1.9988,291.8805,0.66722,0.0056,2,131.268987,262.635391,2.0007,-0.0186,1.6922,600.0178,122.8663,34.4925,151.3695,209.98,-4.26,127.88,27.53,264.76,4.26,134.43,29.88,209.98,-3.04,130.75,29.83,209.98,3.04,128.69,25.6,54.78,q2,25.772,0.904587,0.764,0.57,0.0021,,,,,,,,,,,
sine_300Hz_300Hz_13_absolute.csv,sine,14641,299.9795,165.075829,0.0,0.0,0.0,0.0,0.0,0.0,2.1903,283.798,0.662854,0.0057,3,133.317144,281.972489,2.1151,-0.0083,1.7499,599.959,120.2787,64.1127,144.5794,205.72,1.22,129.98,37.86,205.72,-3.65,133.2,33.13,269.02,6.09,134.06,34.11,205.72,-3.65,133.92,27.75,63.3,q3,25.77,0.904603,0.8203,3.12,0.0116,,,,,,,,,,,
sine_300Hz_300Hz_1_absolute.csv,sine,19505,300.0256,157.910855,0.0,0.0,0.0,0.0,0.0,0.0,2.2858,281.5644,0.676522,0.0076,5,134.262112,238.130584,1.7736,0.0099,1.8493,599.4873,121.456,73.9797,47.8302,237.68,-0.3,128.71,31.08,237.68,-5.17,133.14,34.17,237.68,3.35,132.75,37.18,237.68,2.13,129.45,38.17,0.0,q1,25.774,0.904578,0.6928,4.41,0.0186,,,,,,,,,,,
sine_300Hz_300Hz_2_absolute.csv,sine,23957,299.9958,179.539952,0.0,0.0,0.0,0.0,0.0,0.0,1.9669,293.3001,0.68506,0.0072,2,133.327424,287.946838,2.1597,-0.026,1.6616,599.9499,119.1718,38.8049,51.0392,209.37,3.65,132.39,23.28,209.37,-2.43,129.99,25.28,209.37,4.87,131.56,23.5,209.37,-6.09,131.06,25.0,0.0,q1,25.771,0.904594,0.8377,0.14,0.0007,,,,,,,,,,,
sine_300Hz_300Hz_3_absolute.csv,sine,17815,300.0281,159.099822,0.0,0.0,0.0,0.0,0.0,0.0,1.9734,291.2332,0.645898,0.0061,3,132.039631,271.291044,2.0546,0.0055,1.7134,599.9439,120.0674,73.0331,3.0852,205.11,3.04,133.18,22.21,205.11,-4.26,134.94,24.97,205.11,4.26,132.52,24.83,205.11,-3.04,133.57,23.01,0.0,q1,25.774,0.904576,0.7892,1.83,0.0089,,,,,,,,,,,
sine_300Hz_300Hz_4_absolute.csv,sine,20254,299.9901,179.902742,0.0,0.0,0.0,0.0,0.0,0.0,1.8147,295.9427,0.653643,0.0058,2,135.657571,261.495171,1.9276,0.0229,1.646,599.9803,118.1495,49.4469,25.9697,212.11,0.3,135.36,22.97,212.11,-0.91,131.62,21.07,212.11,5.17,136.58,19.63,212.11,-4.56,133.4,19.02,0.0,q1,25.771,0.904597,0.7607,4.63,0.0218,,,,,,,,,,,
sine_300Hz_300Hz_5_absolute.csv,sine,16591,299.9819,166.058905,0.0,0.0,0.0,0.0,0.0,0.0,1.8547,294.9248,0.633806,0.0052,2,130.692346,249.356727,1.908,-0.022,1.6365,599.9638,125.4294,61.8928,-136.4649,254.11,-5.17,133.59,24.7,254.11,2.13,133.79,24.18,254.11,3.35,134.3,26.02,220.63,-0.3,129.82,22.79,33.48,q1,25.77,0.904602,0.7254,0.2,0.0008,,,,,,,,,,,
sine_300Hz_300Hz_6_absolute.csv,sine,17522,300.0228,168.361607,0.0,0.0,0.0,0.0,0.0,0.0,1.8842,294.541,0.640872,0.0046,2,132.36689,249.442452,1.8845,-0.0344,1.6681,599.9886,124.9287,60.7252,29.1995,219.42,2.13,131.83,20.54,219.42,0.91,132.76,21.71,219.42,0.91,129.08,22.48,219.42,-3.96,130.63,23.17,0.0,q1,25.773,0.904579,0.7257,0.86,0.0039,,,,,,,,,,,
sine_300Hz_300Hz_7_absolute.csv,sine,18811,299.9841,167.301749,0.0,0.0,0.0,0.0,0.0,0.0,1.9622,292.5402,0.659545,0.0054,2,132.727931,246.777202,1.8593,0.0389,1.7019,599.9681,128.0634,63.3084,-95.6495,237.68,-2.74,130.94,28.12,237.68,3.35,131.3,29.94,237.68,-2.74,128.72,28.17,237.68,2.13,130.93,28.13,0.0,q1,25.77,0.904601,0.7179,5.77,0.0243,,,,,,,,,,,
sine_300Hz_300Hz_8_absolute.csv,sine,24457,299.9959,163.199058,0.0,0.0,0.0,0.0,0.0,0.0,1.83,297.2356,0.652052,0.0054,3,120.387589,220.076465,1.8281,0.1143,1.6034,599.9918,119.3523,37.4298,148.538,218.81,0.3,120.01,23.69,218.81,-0.91,118.61,20.55,218.81,2.74,121.19,19.74,218.81,-2.13,122.03,21.36,0.0,q1,25.771,0.904594,0.6402,5.94,0.0271,,,,,,,,,,,
sine_300Hz_300Hz_9_absolute.csv,sine,15672,300.0255,163.355601,0.0,0.0,0.0,0.0,0.0,0.0,2.1081,288.384,0.666118,0.0062,3,130.52871,266.942525,2.0451,-0.0174,1.734,599.9872,120.8525,63.0811,15.7395,210.59,2.43,127.17,28.94,210.59,-3.65,130.76,23.76,210.59,2.43,131.64,26.44,210.59,-1.22,129.78,23.43,0.0,q1,25.774,0.904578,0.7766,0.64,0.003,,,,,,,,,,,
sine_300Hz_absolute.csv,sine,18580,300.0,181.545216,0.0,0.0,0.0,0.0,0.0,0.0,1.8576,294.2962,0.638454,0.0055,2,131.918205,256.569578,1.9449,-0.0225,1.6534,599.9462,122.6588,25.6165,44.584,216.37,1.52,131.7,23.84,216.37,-3.35,131.66,25.26,216.37,1.52,130.97,25.48,216.37,0.3,132.6,23.62,0.0,q1,25.772,0.904592,0.7464,0.13,0.0006,,,,,,,,,,,
sine_400Hz_400Hz_10_absolute.csv,sine,28621,400.021,99.593511,0.0,0.0,0.0,0.0,0.0,0.0,2.5339,377.4183,0.715825,0.0148,8,86.985772,187.712505,2.158,0.1531,1.7438,799.6925,180.2173,78.3062,170.4828,131.16,4.56,88.77,36.77,185.33,-0.3,89.17,36.25,185.33,0.91,88.26,39.44,185.33,-5.17,87.39,37.37,54.17,q2,32.863,0.84672,0.5834,14.81,0.0799,,,,,,,,,,,
sine_400Hz_400Hz_11_absolute.csv,sine,17966,399.9777,100.254837,0.0,0.0,0.0,0.0,0.0,0.0,2.7477,360.1892,0.687993,0.0139,7,90.462912,165.686519,1.8315,-0.0044,2.0512,765.0006,179.8397,79.5323,-151.8121,167.07,0.91,94.66,40.72,167.07,0.91,94.66,40.74,167.07,-0.3,96.28,40.18,167.07,-1.52,95.89,40.78,0.0,q1,32.86,0.846746,0.5149,2.43,0.0146,,,,,,,,,,,
sine_400Hz_400Hz_12_absolute.csv,sine,24254,400.0165,110.357186,0.0,0.0,0.0,0.0,0.0,0.0,2.6385,369.2538,0.685884,0.0167,6,88.933376,183.485209,2.0632,-0.0677,1.8763,796.817,194.2772,60.1393,173.6638,184.12,-0.91,91.31,37.19,184.12,0.3,86.8,35.57,184.12,0.3,87.9,35.64,184.12,0.3,86.8,35.59,0.0,q1,32.863,0.846723,0.5703,6.22,0.0338,,,,,,,,,,,
sine_400Hz_400Hz_13_absolute.csv,sine,18644,400.0215,100.953864,0.0,0.0,0.0,0.0,0.0,0.0,3.1655,330.2207,0.690989,0.0163,7,89.372242,205.555189,2.3,-0.0375,2.1747,740.0772,169.3306,68.6232,-18.8645,186.85,3.04,86.85,41.31,186.85,-0.61,85.07,40.97,186.85,0.61,86.04,47.73,208.77,-3.04,88.71,47.77,21.91,q4,32.863,0.84672,0.6389,3.96,0.019,,,,,,,,,,,
sine_400Hz_400Hz_1_absolute.csv,sine,20626,399.9806,99.706648,0.0,0.0,0.0,0.0,0.0,0.0,2.8156,353.4106,0.696114,0.0121,7,91.343662,161.174966,1.7645,-0.0315,2.0669,728.6919,194.8027,80.7113,-119.2402,158.86,0.61,93.11,46.36,158.86,1.83,93.63,45.46,158.86,-1.83,91.0,43.29,158.86,-0.61,92.58,44.7,0.0,q1,32.861,0.846745,0.5009,6.39,0.0402,,,,,,,,,,,
sine_400Hz_400Hz_2_absolute.csv,sine,17996,399.9778,100.275461,0.0,0.0,0.0,0.0,0.0,0.0,2.4063,375.8304,0.670097,0.0174,7,87.817122,182.143368,2.0741,-0.0758,1.677,780.1734,188.9864,78.2308,136.0324,136.64,-1.52,85.26,37.82,136.64,-1.52,88.58,35.07,136.64,0.91,84.74,37.63,136.64,2.13,88.93,32.52,0.0,q1,32.86,0.846746,0.5661,12.02,0.088,,,,,,,,,,,
sine_400Hz_400Hz_3_absolute.csv,sine,20262,400.0099,116.141079,0.0,0.0,0.0,0.0,0.0,0.0,2.6279,365.9688,0.679862,0.0185,7,89.838941,212.199087,2.362,0.0206,1.8248,794.4428,179.4492,42.3252,-143.2595,132.68,-1.22,89.87,29.74,132.68,1.22,89.18,31.2,132.68,-1.22,91.99,26.04,132.68,1.22,91.31,24.36,0.0,q1,32.863,0.846727,0.6595,17.35,0.1307,,,,,,,,,,,
sine_400Hz_400Hz_4_absolute.csv,sine,24922,400.008,118.20974,0.0,0.0,0.0,0.0,0.0,0.0,2.351,381.1679,0.68533,0.0135,5,88.498397,193.698549,2.1887,0.137,1.6607,799.9759,182.6097,35.2237,170.9174,129.03,2.43,87.59,32.13,129.03,-1.22,88.26,33.37,129.03,-1.22,86.05,33.1,129.03,-0.0,89.49,32.13,0.0,q1,32.862,0.846728,0.602,22.26,0.1725,,,,,,,,,,,
sine_400Hz_400Hz_5_absolute.csv,sine,15424,400.0259,110.629346,0.0,0.0,0.0,0.0,0.0,0.0,2.5112,364.4501,0.649489,0.0144,7,90.522475,165.511977,1.8284,0.0349,1.9639,697.6141,198.7811,64.2845,153.9713,167.07,-1.52,85.26,42.51,167.07,3.35,91.32,38.99,167.07,-1.52,91.79,40.06,167.07,-0.3,87.92,36.17,0.0,q1,32.864,0.846717,0.5144,11.45,0.0685,,,,,,,,,,,
sine_400Hz_400Hz_6_absolute.csv,sine,20438,399.9902,109.168904,0.0,0.0,0.0,0.0,0.0,0.0,2.573,368.06,0.674541,0.0199,7,88.264147,176.21137,1.9964,-0.0253,1.9505,772.923,191.8974,59.4082,72.4173,177.12,-3.04,87.29,37.96,177.12,-1.83,88.1,37.83,177.12,1.83,86.13,39.4,177.12,3.04,85.84,38.55,0.0,q1,32.861,0.846739,0.5476,11.87,0.067,,,,,,,,,,,
sine_400Hz_400Hz_7_absolute.csv,sine,33937,400.0059,119.638986,0.0,0.0,0.0,0.0,0.0,0.0,2.4707,379.1149,0.702227,0.0133,5,90.378752,176.137573,1.9489,-0.0454,1.8016,782.1552,192.8868,36.0229,170.1262,181.68,0.3,90.72,38.06,181.68,0.3,88.57,35.18,181.68,1.52,90.5,38.6,181.68,-2.13,93.24,33.29,0.0,q1,32.862,0.846729,0.5474,0.68,0.0037,,,,,,,,,,,
sine_400Hz_400Hz_8_absolute.csv,sine,20220,400.0,114.151478,0.0,0.0,0.0,0.0,0.0,0.0,2.2215,384.5427,0.694793,0.0131,5,85.286144,135.238647,1.5857,-0.2356,1.7716,799.9505,195.7468,33.4149,73.786,133.29,0.61,94.06,20.11,133.29,-0.61,94.25,19.13,133.29,-0.61,94.25,19.13,133.29,0.61,94.06,20.11,0.0,q1,32.862,0.846733,0.4203,27.69,0.2078,,,,,,,,,,,
sine_400Hz_400Hz_9_absolute.csv,sine,18808,399.9894,104.138435,0.0,0.0,0.0,0.0,0.0,0.0,2.9936,332.2137,0.685107,0.0131,7,90.718588,198.626145,2.1895,0.1151,2.1301,759.145,175.1382,66.1105,130.4435,199.33,-1.52,86.77,48.3,199.33,-3.96,90.0,57.75,199.33,4.56,86.88,49.89,199.33,0.91,91.15,51.25,0.0,q1,32.861,0.846739,0.6173,1.52,0.0076,,,,,,,,,,,
sine_400Hz_absolute.csv,sine,16041,399.9751,101.564854,0.0,0.0,0.0,0.0,0.0,0.0,2.5161,367.5623,0.655038,0.0127,9,89.754921,175.817957,1.9589,-0.015,2.0683,799.9501,195.4367,78.1385,96.4618,171.03,1.83,88.76,40.76,171.03,-0.61,87.31,40.71,171.03,0.61,89.12,39.22,171.03,-1.83,93.01,39.92,0.0,q1,32.86,0.846748,0.5464,1.83,0.0107,,,,,,,,,,,
Square-100Hz-10_absolute.csv,square,9397,100.0319,387.193572,0.025872,0.567432,0.038307,0.0,150.685021,56.9312,2.0873,146.3742,0.340565,0.3545,2,327.725071,527.083452,1.6083,0.0704,1.7449,200.0639,99.9255,,,522.22,-20.69,330.23,,522.22,20.69,330.64,,522.22,-20.69,330.23,,522.22,20.69,330.64,,0.0,q1,9.11,0.987879,1.4041,,,0.4763,0.916578,,,,,,,,,
Square-100Hz-1_absolute.csv,square,7614,99.9475,351.147484,0.020457,0.668322,0.023441,0.129614,478.788674,68.1485,2.2308,159.8692,0.326607,0.7056,2,322.57091,528.407721,1.6381,-0.0414,1.4815,199.8949,99.9475,,,474.74,-23.13,314.51,,474.74,23.13,314.51,,474.74,-23.13,314.51,,474.74,23.13,314.51,,0.0,q1,9.102,0.987899,1.4076,,,0.4997,0.996815,,,,,,,,,
Square-100Hz-2_absolute.csv,square,9725,100.0514,340.814293,0.032719,0.606784,0.040033,0.0,137.732049,60.8983,2.1709,156.7912,0.301279,0.5434,2,333.591802,500.518505,1.5004,-0.0045,1.3296,200.0,99.9486,,,484.79,-8.83,342.76,,484.79,5.78,342.05,,484.79,-6.39,344.09,,484.79,9.43,344.05,,0.0,q1,9.112,0.987874,1.3333,,,0.4999,1.00811,,,,,,,,,
Square-100Hz-3_absolute.csv,square,8066,100.0496,346.893773,0.015986,0.641668,0.033284,0.0,301.996782,64.273,2.1382,153.4766,0.210081,0.471,2,320.557679,521.603495,1.6272,0.0095,1.5809,199.9752,100.0496,,,443.09,8.52,318.04,,443.09,-8.52,319.68,,443.09,8.52,318.04,,443.09,-8.52,319.68,,0.0,q1,9.112,0.987875,1.3895,,,0.5001,0.968729,,,,,,,,,
Square-100Hz-4_absolute.csv,square,7953,99.9623,372.34901,0.012098,0.648413,0.013508,0.025641,1280.59366,64.9174,2.1226,155.2208,0.297527,0.8893,2,328.472261,518.8078,1.5795,0.0333,1.7633,200.0503,99.9623,,,522.22,-19.48,327.91,,522.22,19.48,329.15,,522.22,-19.48,327.91,,522.22,19.48,329.15,,0.0,q1,9.104,0.987896,1.382,,,0.4999,0.996699,,,,,,,,,
Square-100Hz-5_absolute.csv,square,7809,100.0128,397.022707,0.022644,0.528193,0.01114,0.0,438.073374,52.8795,2.09,147.6218,0.297401,0.2051,2,323.902482,522.983511,1.6146,-0.0404,1.7334,199.8976,100.0128,,,531.96,28.0,323.83,,531.96,-25.56,328.21,,531.96,23.13,325.87,,531.96,-25.56,327.91,,0.0,q1,9.108,0.987884,1.3932,,,0.5001,0.917638,,,,,,,,,
Square-100Hz-6_absolute.csv,square,7463,99.9598,363.819536,0.060862,0.608116,0.018194,0.142051,96.645583,62.7709,2.1612,153.5622,0.190209,0.9082,3,319.164884,535.377712,1.6774,-0.0272,1.5034,199.9196,100.0938,,,510.35,19.17,318.27,,518.26,-21.0,328.5,,518.26,22.82,323.71,,518.26,-21.0,328.5,,7.91,q2,9.103,0.987896,1.4262,,,0.5002,0.938539,,,,,,,,,
Square-100Hz-7_absolute.csv,square,8431,99.9881,400.061422,0.012465,0.533746,0.021062,0.092375,489.862129,54.2233,2.1309,150.2598,0.334423,1.4197,2,330.524135,518.016825,1.5673,-0.0043,1.3239,199.9763,99.9881,,,530.13,6.7,341.02,,530.13,-6.7,341.65,,530.13,6.7,341.02,,530.13,-6.7,341.65,,0.0,q1,9.106,0.98789,1.3799,,,0.4999,0.956195,,,,,,,,,
Square-100Hz-8_absolute.csv,square,8298,100.0241,386.127089,0.017793,0.526327,0.018765,0.0,414.242757,52.6961,2.1359,151.6278,0.295257,0.2596,2,321.878125,438.471481,1.3622,0.0216,1.49,199.9277,100.0241,,,435.18,23.74,326.72,,435.18,-23.74,326.72,,435.18,23.74,326.72,,435.18,-23.74,326.72,,0.0,q1,9.109,0.987881,1.168,,,0.5001,0.929357,,,,,,,,,
Square-100Hz-9_absolute.csv,square,8736,100.0458,350.269054,0.022048,0.70251,0.012099,0.0,780.258064,70.296,2.182,159.6951,0.355225,0.4185,2,327.477569,515.963337,1.5756,-0.0077,1.6523,199.9771,100.0458,,,435.18,22.52,326.72,,435.18,-22.52,326.72,,435.18,22.52,326.72,,435.18,-22.52,326.72,,0.0,q1,9.111,0.987876,1.3745,,,0.5002,1.037326,,,,,,,,,
Square-1Hz-10_absolute.csv,square,9270,3.0205,118.606208,0.013933,0.278174,0.009957,0.192752,390.532492,33.8862,4.5114,16.1745,0.37522,55.5105,33,288.926416,329.606514,1.1408,0.0366,1.0585,1.9417,14.4552,,,69.39,-29.22,49.18,,9.74,9.74,9.74,,9.74,9.74,9.74,,9.74,9.74,9.74,,59.65,q1,0.277,0.999989,0.8674,,,0.4849,0.011821,,,,,,,,,
Square-1Hz-1_absolute.csv,square,9054,2.9821,113.415653,0.018573,0.273883,0.006949,0.189288,281.871997,33.3519,4.5422,16.8003,0.39098,41.4539,36,286.707813,338.125326,1.1793,-0.0068,1.0571,1.9881,14.8001,,,354.84,354.84,354.84,,354.84,43.21,272.18,,199.03,-199.03,199.03,,199.03,-199.03,199.03,,155.81,q1,0.274,0.999989,0.8898,,,0.4964,0.012249,,,,,,,,,
Square-1Hz-2_absolute.csv,square,9323,3.0033,116.974407,0.014524,0.30509,0.008098,0.1799,453.660027,35.4571,4.4804,17.901,0.370132,54.4704,29,277.577576,366.441807,1.3201,-0.0341,1.034,2.038,8.7955,,,360.93,360.93,360.93,,360.93,18.87,242.77,,192.94,-186.85,188.04,,192.94,-192.94,192.94,,167.99,q1,0.276,0.999989,0.9643,,,0.5102,0.015106,,,,,,,,,
Square-1Hz-3_absolute.csv,square,9418,2.973,110.764448,0.007429,0.29973,0.004523,0.177008,1601.773765,34.8203,4.3278,16.5322,0.306098,65.2122,30,275.89669,365.727964,1.3256,0.0919,1.0352,1.9112,8.1758,,,0.0,-0.0,0.0,,0.0,-0.0,0.0,,0.0,-0.0,0.0,,0.0,-0.0,0.0,,0.0,q1,0.273,0.999989,0.9625,,,0.4778,0.011983,,,,,,,,,
Square-1Hz-4_absolute.csv,square,8830,2.9445,102.578495,0.025103,0.312567,0.010104,0.187805,181.581131,36.5652,4.5109,17.4517,0.387538,89.2418,39,282.738361,361.65851,1.2791,0.052,1.0521,2.0385,9.06,,,231.29,-231.29,231.29,,231.29,-231.29,231.29,,401.71,139.99,278.16,,322.58,322.58,322.58,,170.42,q3,0.27,0.999989,0.9517,,,0.4904,0.014831,,,,,,,,,
Square-1Hz-5_absolute.csv,square,9331,3.0008,118.325093,0.017603,0.317343,0.009569,0.184095,335.299019,36.7422,4.5242,16.4218,0.402863,59.4764,32,282.979288,372.504364,1.3164,-0.0178,1.0533,2.0362,10.3955,,,0.0,0.0,0.0,,0.0,0.0,0.0,,0.0,0.0,0.0,,0.0,0.0,0.0,,0.0,q1,0.275,0.999989,0.9803,,,0.5085,0.012879,,,,,,,,,
Square-1Hz-6_absolute.csv,square,9546,3.0379,100.222805,0.028699,0.40327,0.008205,0.218955,236.33821,45.9846,4.6944,17.4516,0.406867,86.2995,40,297.726003,398.860886,1.3397,-0.0182,1.055,1.9904,9.2185,,,0.0,0.0,0.0,,0.0,0.0,0.0,,0.0,0.0,0.0,,0.0,0.0,0.0,,0.0,q1,0.279,0.999989,1.0496,,,0.5044,0.010988,,,,,,,,,
Square-1Hz-7_absolute.csv,square,8822,2.9472,98.571598,0.036929,0.3496,0.012918,0.212135,109.248372,41.0794,4.6869,18.8792,0.405438,91.9159,42,290.525961,417.845039,1.4382,-0.0563,1.0628,2.0404,13.489,,,403.84,403.84,403.84,,403.84,-103.77,173.24,,150.03,-150.03,150.03,,150.03,-150.03,150.03,,253.81,q1,0.271,0.999989,1.0996,,,0.5101,0.01464,,,,,,,,,
Square-1Hz-8_absolute.csv,square,9998,3.0006,121.946382,0.017848,0.30221,0.013205,0.181757,252.295825,35.3355,4.4839,16.8125,0.405422,98.7473,31,283.39559,367.248371,1.2959,-0.0171,1.0498,2.0004,12.3025,,,462.27,271.15,369.71,,91.6,-87.95,89.5,,91.6,-91.6,91.6,,91.6,-91.6,91.6,,370.67,q1,0.275,0.999989,0.9665,,,0.5001,0.013544,,,,,,,,,
Square-1Hz-9_absolute.csv,square,9932,3.0205,116.903984,0.020526,0.296651,0.018982,0.188292,157.940469,35.2473,4.5653,17.306,0.408501,101.3962,31,294.722337,332.668144,1.1288,-0.0307,1.0551,2.0137,16.1095,,,398.36,398.36,398.36,,398.36,-87.34,201.84,,155.51,-155.51,155.51,,155.51,-155.51,155.51,,242.85,q1,0.277,0.999989,0.8755,,,0.5034,0.01347,,,,,,,,,
Square-200Hz-10_absolute.csv,square,9210,200.0,142.145716,0.510523,0.0,0.0,0.0,0.0,51.0523,2.3057,238.7182,0.485815,0.0019,2,115.070485,238.110834,2.0693,-0.1865,2.8291,400.0,200.0,,,158.25,0.0,100.08,,158.25,0.0,100.08,,158.25,0.0,100.08,,158.25,0.0,100.08,,0.0,q1,17.801,0.954028,0.6568,,,0.2384,1.896229,,,,,,,,,
Square-200Hz-1_absolute.csv,square,8181,199.9756,152.452263,0.422462,0.0,0.0,0.0,0.0,42.2462,2.1508,232.0649,0.538299,0.0029,2,129.927957,268.553492,2.0669,-0.5221,2.6702,400.0733,199.9756,,,221.55,-0.0,126.6,,221.55,-0.0,126.6,,221.55,-0.0,126.6,,221.55,-0.0,126.6,,0.0,q1,17.799,0.954039,0.7408,,,0.5639,1.730942,,,,,,,,,
Square-200Hz-2_absolute.csv,square,8692,199.954,96.66084,0.44924,0.0,0.0,0.0,0.0,44.924,2.3502,231.0946,0.5349,0.0063,4,96.791171,198.037579,2.046,-0.3127,2.6184,399.908,199.954,,,174.99,0.3,105.24,,174.99,1.52,105.5,,174.99,-0.91,104.97,,174.99,-0.91,104.97,,0.0,q1,17.797,0.954048,0.5463,,,0.5495,1.574496,,,,,,,,,
Square-200Hz-3_absolute.csv,square,9415,200.0,164.705716,0.352113,0.0,0.0,0.0,0.0,35.2113,1.9847,223.2261,0.538351,0.0018,2,129.000729,230.993336,1.7906,0.5531,2.3287,400.0,200.0,,,206.94,1.22,128.57,,206.94,-2.43,128.31,,206.94,1.22,128.57,,206.94,-0.0,128.48,,0.0,q1,17.801,0.954028,0.6372,,,0.2793,1.61986,,,,,,,,,
Square-200Hz-4_absolute.csv,square,9154,200.0218,142.091028,0.474832,0.0,0.0,0.0,0.0,47.4832,2.0031,242.1333,0.089425,0.0,2,115.079972,219.064745,1.9036,1.1543,2.8162,399.9345,199.9126,,,221.55,0.0,116.29,,221.55,0.0,116.29,,221.55,0.0,116.29,,221.55,0.0,116.29,,0.0,q1,17.802,0.954019,0.6043,,,0.2,1.890885,,,,,,,,,
Square-200Hz-5_absolute.csv,square,8783,200.0455,123.684391,0.611479,0.0,0.0,0.0,0.0,61.1479,2.2084,252.5909,0.488911,0.0011,2,121.720664,246.533918,2.0254,-0.2717,2.7191,399.8634,199.9317,,,205.72,-0.0,128.56,,205.72,-0.0,128.56,,205.72,-0.0,128.56,,205.72,-0.0,128.56,,0.0,q1,17.804,0.954009,0.68,,,0.3315,1.809471,,,,,,,,,
Square-200Hz-6_absolute.csv,square,9658,200.0414,155.354518,0.457988,0.0,0.0,0.0,0.0,45.7988,1.89,230.3847,0.35359,0.0002,2,132.28303,236.954178,1.7913,-0.7623,2.4988,400.0828,199.9379,,,237.37,-0.0,132.4,,237.37,-0.0,132.4,,237.37,-0.0,132.4,,237.37,-0.0,132.4,,0.0,q1,17.804,0.95401,0.6536,,,0.8,1.721181,,,,,,,,,
Square-200Hz-7_absolute.csv,square,7876,199.9746,136.291235,0.300249,0.0,0.0,0.0,0.0,30.0249,1.7545,218.6814,0.306722,0.0004,2,102.675773,175.316521,1.7075,-0.3533,2.2772,399.9492,199.9746,,,174.07,0.0,104.97,,174.07,0.0,104.97,,174.07,0.0,104.97,,174.07,0.0,104.97,,0.0,q1,17.798,0.954039,0.4836,,,0.3972,1.588817,,,,,,,,,
Square-200Hz-8_absolute.csv,square,8992,199.9555,148.303088,0.411344,0.0,0.0,0.0,0.0,41.1344,1.9875,223.1272,0.466107,0.0012,2,127.858135,219.377275,1.7158,0.5578,2.3287,400.0222,199.9555,,,189.9,-0.0,107.33,,189.9,-0.0,107.33,,189.9,-0.0,107.33,,189.9,-0.0,107.33,,0.0,q1,17.797,0.954047,0.6051,,,0.2978,1.641883,,,,,,,,,
Square-200Hz-9_absolute.csv,square,11282,199.9645,136.848097,0.607349,0.0,0.0,0.0,0.0,60.7349,2.2805,249.3108,0.36692,0.0007,2,121.073437,293.057568,2.4205,1.1772,3.0468,399.9291,199.9645,,,225.81,4.26,116.37,,225.81,3.04,117.72,,225.81,-3.04,124.27,,225.81,-4.26,125.54,,0.0,q1,17.798,0.954043,0.8084,,,0.2105,1.929038,,,,,,,,,
Square-300Hz-10_absolute.csv,square,8410,300.0,479.987237,0.0,0.0,0.0,0.0,0.0,0.0,1.3582,298.8254,0.28101,0.0006,2,341.199697,492.46858,1.4433,0.0226,1.5018,599.8811,111.2961,,,477.18,-7.3,342.55,,477.18,12.17,341.29,,477.18,-10.96,341.31,,477.18,6.09,341.19,,0.0,q1,25.772,0.904592,1.4327,,,0.5,2.596674,,,,,,,,,
Square-300Hz-1_absolute.csv,square,8606,300.0232,462.572401,0.0,0.0,0.0,0.0,0.0,0.0,1.3459,299.3068,0.408298,0.0013,2,334.760534,549.555391,1.6416,0.0126,1.6017,599.9303,110.1557,,,482.66,9.13,321.01,,482.66,-9.13,321.6,,482.66,9.13,321.01,,482.66,-9.13,321.6,,0.0,q1,25.773,0.904579,1.5988,,,0.5566,2.609928,,,,,,,,,
Square-300Hz-2_absolute.csv,square,8156,300.0245,471.04584,0.0,0.0,0.0,0.0,0.0,0.0,1.3636,299.464,0.289533,0.0019,2,340.850277,490.236328,1.4383,-0.0026,1.4307,599.9264,113.4134,,,474.74,-7.3,343.07,,474.74,7.3,343.07,,474.74,-7.3,343.07,,474.74,7.3,343.07,,0.0,q1,25.773,0.904578,1.4262,,,0.5,2.603867,,,,,,,,,
Square-300Hz-3_absolute.csv,square,7794,299.9743,457.287624,0.0,0.0,0.0,0.0,0.0,0.0,1.3062,299.58,0.27365,0.0005,1,338.781534,535.594158,1.5809,-0.0235,1.5565,599.9487,107.9035,,,506.39,4.87,337.18,,506.39,-4.87,338.67,,506.39,4.87,337.18,,506.39,-4.87,338.67,,0.0,q1,25.77,0.904606,1.5581,,,0.479,2.609614,,,,,,,,,
Square-300Hz-4_absolute.csv,square,8358,299.9521,421.331132,0.0,0.0,0.0,0.0,0.0,0.0,1.3614,299.3232,0.346649,0.0012,2,337.724334,498.476715,1.476,0.0099,1.4262,599.9043,110.5528,,,458.92,-2.43,341.27,,458.92,2.43,344.14,,458.92,-2.43,341.27,,458.92,2.43,344.14,,0.0,q1,25.768,0.904618,1.4501,,,0.5,2.60595,,,,,,,,,
Square-300Hz-5_absolute.csv,square,8226,300.0243,464.243181,0.0,0.0,0.0,0.0,0.0,0.0,1.3449,299.6169,0.287959,0.0013,1,333.943938,533.706692,1.5982,-0.0042,1.6116,599.9271,111.8405,,,474.74,-6.09,314.51,,474.74,6.09,314.51,,474.74,-6.09,314.51,,474.74,6.09,314.51,,0.0,q1,25.773,0.904578,1.5526,,,0.4752,2.609164,,,,,,,,,
Square-300Hz-6_absolute.csv,square,8897,299.9888,457.692638,0.0,0.0,0.0,0.0,0.0,0.0,1.3861,298.9709,0.38879,0.0034,2,330.631255,480.390594,1.4529,0.0044,1.426,599.9775,117.9049,,,475.35,-6.7,344.63,,475.35,7.91,344.6,,475.35,-7.91,343.09,,475.35,6.7,343.06,,0.0,q1,25.771,0.904598,1.3975,,,0.4999,2.602859,,,,,,,,,
Square-300Hz-7_absolute.csv,square,8802,300.0454,416.7834,0.0,0.0,0.0,0.0,0.0,0.0,1.3866,298.8641,0.321402,0.0063,2,326.749268,488.236347,1.4942,-0.0117,1.4876,599.9773,103.1584,,,435.18,3.04,334.29,,435.18,-3.04,334.29,,435.18,3.04,334.29,,435.18,-3.04,334.29,,0.0,q1,25.775,0.904567,1.4204,,,0.5,2.601261,,,,,,,,,
Square-300Hz-8_absolute.csv,square,9259,300.0324,460.97697,0.0,0.0,0.0,0.0,0.0,0.0,1.3454,298.9953,0.338045,0.0009,2,342.816851,485.168982,1.4152,0.012,1.533,599.9568,111.3511,,,474.74,4.87,350.3,,474.74,-4.87,350.3,,474.74,4.87,350.3,,474.74,-4.87,350.3,,0.0,q1,25.774,0.904574,1.4114,,,0.4999,2.608986,,,,,,,,,
Square-300Hz-9_absolute.csv,square,9462,300.0423,420.882757,0.0,0.0,0.0,0.0,0.0,0.0,1.3918,299.5261,0.26446,0.0048,2,324.917454,477.536406,1.4697,-0.0149,1.5472,599.8732,100.0845,,,474.74,6.09,330.05,,474.74,-6.09,330.05,,474.74,6.09,330.05,,474.74,-6.09,330.05,,0.0,q1,25.775,0.904569,1.3893,,,0.4671,2.603822,,,,,,,,,
Square-400Hz-10_absolute.csv,square,11569,400.0346,80.157099,0.0,0.0,0.0,0.0,0.0,0.0,2.1388,364.476,0.577696,0.0023,2,76.750022,122.061201,1.5904,-0.3294,1.9572,799.9827,193.7938,,,94.95,0.0,77.53,,94.95,0.0,77.53,,94.95,0.0,77.53,,94.95,0.0,77.53,,0.0,q1,32.864,0.846712,0.3794,,,0.5942,3.216296,,,,,,,,,
Square-400Hz-1_absolute.csv,square,10772,400.0186,84.117258,0.0,0.0,0.0,0.0,0.0,0.0,2.1587,388.5386,0.625761,0.0096,4,63.918393,141.801785,2.2185,-0.0999,2.0648,799.9443,194.0215,,,79.12,-0.0,70.77,,79.12,-0.0,70.77,,79.12,-0.0,70.77,,79.12,-0.0,70.77,,0.0,q1,32.863,0.846722,0.4407,,,0.4,3.404343,,,,,,,,,
Square-400Hz-2_absolute.csv,square,9106,399.9561,87.070673,0.0,0.0,0.0,0.0,0.0,0.0,1.6967,389.6118,0.427066,0.0006,2,70.988747,79.523703,1.1202,-0.0099,1.2424,759.1698,197.1228,,,79.12,0.0,70.77,,79.12,0.0,70.77,,79.12,0.0,70.77,,79.12,0.0,70.77,,0.0,q1,32.859,0.846759,0.2471,,,0.405,3.44046,,,,,,,,,
Square-400Hz-3_absolute.csv,square,9195,400.0,96.902955,0.0,0.0,0.0,0.0,0.0,0.0,1.6228,389.2644,0.46223,0.0008,2,70.118615,80.268478,1.1448,-0.0282,1.2739,799.8912,195.7586,,,79.12,-0.0,70.77,,79.12,-0.0,70.77,,79.12,-0.0,70.77,,79.12,-0.0,70.77,,0.0,q1,32.862,0.846733,0.2495,,,0.4,3.491549,,,,,,,,,
Square-400Hz-4_absolute.csv,square,10406,399.9616,85.529372,0.0,0.0,0.0,0.0,0.0,0.0,1.8024,387.5824,0.527577,0.0019,2,72.793026,164.483025,2.2596,0.1823,1.2874,799.9231,197.4822,,,94.95,-0.0,77.53,,94.95,-0.0,77.53,,94.95,-0.0,77.53,,94.95,-0.0,77.53,,0.0,q1,32.859,0.846756,0.5112,,,0.5397,3.399974,,,,,,,,,
Square-400Hz-5_absolute.csv,square,9276,400.0647,72.772731,0.0,0.0,0.0,0.0,0.0,0.0,1.9055,391.6367,0.616106,0.0059,2,69.137305,144.779177,2.0941,-0.0289,1.9445,799.9138,190.276,,,126.6,0.0,80.69,,126.6,0.0,80.69,,126.6,0.0,80.69,,126.6,0.0,80.69,,0.0,q1,32.866,0.846694,0.45,,,0.5999,3.425851,,,,,,,,,
Square-400Hz-6_absolute.csv,square,9980,400.0,89.283237,0.0,0.0,0.0,0.0,0.0,0.0,1.9153,389.9889,0.570926,0.0044,3,68.388908,83.111912,1.2153,-0.0971,1.3454,800.0,196.5932,,,94.95,0.0,59.21,,94.95,0.0,59.21,,94.95,0.0,59.21,,94.95,0.0,59.21,,0.0,q1,32.862,0.846733,0.2583,,,0.4,3.41802,,,,,,,,,
Square-400Hz-7_absolute.csv,square,12355,400.0,91.255713,0.0,0.0,0.0,0.0,0.0,0.0,2.4853,378.0561,0.568799,0.0081,5,74.354738,119.060646,1.6013,-0.3581,2.1168,799.9191,196.6006,,,97.99,-3.04,77.59,,97.99,-3.04,77.59,,97.99,-3.04,77.59,,139.38,9.13,91.92,,41.39,q4,32.862,0.846733,0.37,,,0.6,3.230186,,,,,,,,,
Square-400Hz-8_absolute.csv,square,10058,399.9801,111.461602,0.0,0.0,0.0,0.0,0.0,0.0,1.9038,386.0531,0.46558,0.0027,2,85.546522,138.321466,1.6169,0.0822,1.4454,784.4502,195.0686,,,142.42,-0.0,92.27,,142.42,-0.0,92.27,,142.42,-0.0,92.27,,142.42,-0.0,92.27,,0.0,q1,32.861,0.846745,0.4299,,,0.4391,3.430441,,,,,,,,,
Square-400Hz-9_absolute.csv,square,8689,400.046,106.18752,0.0,0.0,0.0,0.0,0.0,0.0,1.8439,390.722,0.587593,0.0042,2,85.074587,145.890852,1.7149,0.3046,1.7283,799.8619,197.9514,,,142.42,0.0,92.27,,142.42,0.0,92.27,,142.42,0.0,92.27,,142.42,0.0,92.27,,0.0,q1,32.865,0.846705,0.4534,,,0.4124,3.448954,,,,,,,,,
square_100Hz_100Hz_10_absolute.csv,square,17941,99.9944,185.123439,0.007862,0.397459,0.003336,0.148557,2468.241598,42.4401,2.4445,138.2287,0.611551,1.8752,5,147.23573,199.443992,1.3546,-0.0044,1.3549,199.9889,99.9944,,,200.85,7.3,159.04,,200.85,-2.43,152.67,,200.85,3.65,160.18,,200.85,-8.52,163.52,,0.0,q1,9.107,0.987888,0.5313,,,0.5,0.788343,,,,,,,,,
square_100Hz_100Hz_11_absolute.csv,square,18296,100.0219,136.349365,0.012848,0.524992,0.019412,0.0,508.61013,52.5508,3.1477,165.6473,0.653883,0.3324,5,126.068157,248.649724,1.9723,0.0051,1.6099,203.4871,100.0219,,,223.07,-0.91,113.24,,251.67,1.52,101.24,,251.67,-2.13,105.93,,251.67,1.52,121.17,,28.61,q2,9.109,0.987881,0.6624,,,0.4809,0.970099,,,,,,,,,
square_100Hz_100Hz_12_absolute.csv,square,21833,99.9863,204.608691,0.016581,0.577784,0.006521,0.338191,1411.912449,66.9721,2.6363,165.317,0.585062,0.8572,3,180.325579,328.386329,1.8211,-0.0027,1.3288,199.9725,99.9405,,,248.02,0.3,163.56,,248.02,-2.13,171.76,,248.02,-2.13,164.89,,248.02,3.96,169.4,,0.0,q1,9.106,0.98789,0.8748,,,0.5001,1.049792,,,,,,,,,
square_100Hz_100Hz_13_absolute.csv,square,17928,100.0112,153.722429,0.02578,0.281003,0.014267,0.0,90.955493,28.2543,2.6444,125.5604,0.650007,0.2999,4,124.076317,254.769747,2.0533,0.0377,1.6781,199.9665,100.0112,,,219.72,12.78,139.86,,219.72,-10.35,141.73,,255.02,9.13,136.49,,255.02,-11.56,140.86,,35.3,q3,9.108,0.987884,0.6787,,,0.4786,0.658352,,,,,,,,,
square_100Hz_100Hz_1_absolute.csv,square,16724,99.9761,195.49544,0.02681,0.513323,0.006327,0.30657,471.104837,59.8535,2.6969,155.9489,0.595136,0.8264,3,176.07132,290.933517,1.6524,0.0039,1.3315,200.012,100.0359,,,284.85,8.52,190.86,,284.85,-7.3,180.11,,284.85,6.09,175.72,,284.85,-7.3,191.51,,0.0,q1,9.105,0.987892,0.775,,,0.5001,0.903699,,,,,,,,,
square_100Hz_100Hz_2_absolute.csv,square,23273,99.9871,119.503534,0.006036,0.370429,0.014194,0.157337,680.860192,40.2753,3.1369,125.5182,0.632973,0.9575,6,278.68608,564.345814,2.025,0.6409,2.0397,107.8073,35.2769,,,214.24,-3.65,122.06,,214.24,-0.0,115.89,,214.24,2.43,110.43,,214.24,1.22,122.2,,0.0,q1,9.106,0.98789,1.5033,,,0.3671,0.118884,,,,,,,,,
square_100Hz_100Hz_3_absolute.csv,square,19779,100.0051,191.633853,0.006641,0.54931,0.005368,0.0,4137.912533,54.9376,2.7292,169.1898,0.595695,0.1679,3,164.483915,333.229543,2.0259,0.0003,1.3919,200.0101,100.0051,,,214.55,2.74,142.32,,214.55,-4.56,128.62,,214.55,0.3,132.2,,214.55,1.52,140.81,,0.0,q1,9.108,0.987885,0.8877,,,0.5,1.103544,,,,,,,,,
square_100Hz_100Hz_4_absolute.csv,square,19424,100.0309,111.345285,0.010258,0.484125,0.025794,0.0,304.152905,48.492,2.7614,155.1761,0.647394,0.5814,5,107.77311,241.930266,2.2448,-0.0033,1.6553,200.0103,99.9794,,,159.16,-0.3,102.46,,159.16,0.91,101.05,,159.16,-1.52,101.97,,159.16,0.91,106.61,,0.0,q1,9.11,0.987879,0.6445,,,0.5318,0.933295,,,,,,,,,
square_100Hz_100Hz_5_absolute.csv,square,17170,100.0,145.402945,0.007779,0.274004,0.009811,0.037573,487.906391,27.6851,2.4913,120.6287,0.652657,2.3269,3,112.903074,250.030918,2.2146,0.0324,1.7286,200.0,99.9418,,,219.72,0.61,129.29,,219.72,-1.83,122.75,,219.72,0.61,127.03,,219.72,0.61,129.29,,0.0,q1,9.107,0.987887,0.666,,,0.473,0.630509,,,,,,,,,
square_100Hz_100Hz_6_absolute.csv,square,15410,100.0,133.267498,0.005772,0.42155,0.015675,0.0,636.889416,42.1881,2.9782,150.2005,0.643523,0.1008,5,112.062165,253.083839,2.2584,-0.0707,1.7994,200.0,100.0,,,220.33,1.22,113.78,,220.33,-1.22,102.72,,220.33,2.43,105.63,,220.33,-2.43,112.81,,0.0,q1,9.107,0.987887,0.6742,,,0.5318,0.866432,,,,,,,,,
square_100Hz_100Hz_7_absolute.csv,square,18623,99.9839,133.797203,0.006945,0.597317,0.004351,0.361867,7262.475641,69.8429,2.8987,165.8814,0.632496,0.6702,3,128.981194,265.434827,2.0579,0.0453,1.4975,200.0215,99.9839,,,211.81,-4.87,116.45,,211.81,4.87,103.69,,211.81,-3.65,103.47,,211.81,3.65,109.85,,0.0,q1,9.106,0.987891,0.7071,,,0.4944,1.053598,,,,,,,,,
square_100Hz_100Hz_8_absolute.csv,square,22019,100.0045,210.989477,0.026164,0.484585,0.014968,0.0,258.439875,48.5522,2.5098,156.4326,0.624109,0.2307,3,176.229244,283.720215,1.6099,-0.0027,1.2659,199.9637,100.0045,,,281.5,4.56,175.45,,281.5,-5.17,178.96,,281.5,5.78,181.36,,281.5,-5.17,179.5,,0.0,q1,9.107,0.987886,0.7558,,,0.5,0.992183,,,,,,,,,
square_100Hz_100Hz_9_absolute.csv,square,18468,100.0108,146.628361,0.016535,0.480851,0.017417,0.0,400.883827,48.145,3.1747,170.2119,0.637881,0.1789,3,132.057658,256.651727,1.9435,0.0131,1.6539,202.1876,100.0108,,,256.24,-0.61,116.15,,256.24,-0.61,126.47,,218.5,6.7,105.21,,218.5,-5.48,100.16,,37.74,q1,9.108,0.987884,0.6837,,,0.5097,1.003563,,,,,,,,,
square_100Hz_absolute.csv,square,17000,100.0,222.214275,0.018007,0.532044,0.010711,0.0,644.878707,53.2456,2.6353,168.9983,0.548758,0.1475,3,183.871239,278.884174,1.5167,-0.0123,1.3594,200.0,100.0,,,280.28,3.96,160.79,,280.28,-2.13,173.9,,280.28,-0.91,172.82,,280.28,-0.91,165.41,,0.0,q1,9.107,0.987887,0.7429,,,0.5,1.016784,,,,,,,,,
square_1Hz_1Hz_10_absolute.csv,square,17272,3.0107,72.208812,0.013228,0.288785,0.01099,0.190682,404.92688,34.6486,4.9884,36.5835,0.604522,12.7213,33,185.634629,245.031526,1.32,0.0063,1.1841,2.0264,44.9861,,,280.59,-253.81,256.55,,280.59,22.52,148.97,,115.03,115.03,115.03,,194.16,116.25,116.66,,165.55,q1,0.276,0.999989,0.6448,,,0.4963,0.037732,,,,,,,,,
square_1Hz_1Hz_11_absolute.csv,square,22244,3.012,70.394312,0.016563,0.317119,0.007759,0.179188,396.581915,36.4702,5.23,46.1087,0.63157,8.8863,34,188.350084,306.04512,1.6249,-0.0115,1.2106,2.023,59.7464,,,200.55,-153.07,157.91,,200.55,-154.29,159.14,,274.19,85.51,183.95,,274.19,221.85,226.27,,73.65,q3,0.276,0.999989,0.8054,,,0.5003,0.05334,,,,,,,,,
square_1Hz_1Hz_12_absolute.csv,square,21020,2.9971,75.38524,0.009959,0.299395,0.007651,0.161757,734.232757,34.053,4.9319,39.6785,0.621256,7.9783,30,189.146404,248.863929,1.3157,0.006,1.1807,1.9981,57.8497,,,220.02,192.03,195.72,,220.02,151.86,188.57,,175.59,-168.29,169.84,,175.59,-175.59,175.59,,44.43,q1,0.275,0.999989,0.6549,,,0.4993,0.041194,,,,,,,,,
square_1Hz_1Hz_13_absolute.csv,square,23647,3.0025,73.691211,0.017013,0.311123,0.005465,0.168863,392.449141,35.4445,5.2851,47.0076,0.63974,13.3437,34,185.747531,297.61425,1.6023,-0.0016,1.2085,1.9876,58.9081,,,45.65,-5.48,39.93,,45.65,-1.83,39.37,,45.65,1.83,38.81,,112.6,5.48,47.24,,66.95,q4,0.276,0.999989,0.7832,,,0.4968,0.053579,,,,,,,,,
square_1Hz_1Hz_1_absolute.csv,square,26213,3.0138,67.259714,0.005363,0.347913,0.005668,0.199497,2641.473763,40.1127,5.3186,50.5709,0.651055,6.7763,37,183.483062,278.915647,1.5201,-0.0106,1.2523,1.9837,54.8201,,,61.78,3.35,34.93,,61.78,3.35,34.93,,96.47,-2.74,43.74,,96.47,-3.96,53.12,,34.69,q3,0.277,0.999989,0.734,,,0.5033,0.061843,,,,,,,,,
square_1Hz_1Hz_2_absolute.csv,square,23590,3.0097,73.473276,0.016909,0.302428,0.021609,0.181391,165.186375,35.3721,5.0534,34.2972,0.612867,22.3932,32,187.666538,256.285462,1.3656,-0.0423,1.146,1.9924,40.3561,,,45.95,13.09,41.13,,45.95,0.91,39.19,,45.95,-6.39,37.98,,45.95,-7.61,37.78,,0.0,q1,0.276,0.999989,0.6744,,,0.5073,0.037303,,,,,,,,,
square_1Hz_1Hz_3_absolute.csv,square,29544,3.0125,69.083224,0.007503,0.335276,0.009078,0.196046,1087.507666,38.8565,5.2885,39.3624,0.619411,17.3968,36,188.210761,297.239212,1.5793,0.0091,1.1573,1.997,57.0336,,,53.26,7.61,34.19,,53.26,1.52,36.55,,53.26,-4.56,38.76,,53.26,-4.56,38.76,,0.0,q1,0.277,0.999989,0.7822,,,0.5,0.043425,,,,,,,,,
square_1Hz_1Hz_4_absolute.csv,square,14253,3.0169,72.248199,0.012696,0.303734,0.007842,0.186929,571.189423,35.6959,4.9858,39.4556,0.576065,11.7417,35,186.736553,247.664282,1.3263,0.0281,1.1732,2.0347,55.8479,,,118.69,88.25,96.28,,118.69,93.12,100.21,,197.81,73.65,102.11,,276.93,-255.02,257.47,,158.25,q4,0.277,0.999989,0.6518,,,0.4969,0.043008,,,,,,,,,
square_1Hz_1Hz_5_absolute.csv,square,31165,2.9841,63.094992,0.014446,0.326447,0.008893,0.187638,492.667478,37.6913,5.2438,40.7841,0.617329,9.7744,40,188.189874,245.620801,1.3052,-0.0003,1.179,2.0215,55.8319,,,144.25,-102.86,110.19,,144.25,-104.08,111.34,,251.37,-44.43,137.06,,330.49,251.37,253.28,,186.25,q4,0.274,0.999989,0.6464,,,0.5026,0.043445,,,,,,,,,
square_1Hz_1Hz_6_absolute.csv,square,23082,2.9893,72.702706,0.004429,0.308112,0.006948,0.177742,1863.54514,35.5799,5.0476,40.1721,0.600157,9.0336,34,188.641667,251.076954,1.331,-0.0181,1.1679,1.9929,46.7897,,,45.95,9.43,40.56,,45.95,0.91,39.19,,45.95,-3.96,38.39,,45.95,-6.39,37.98,,0.0,q1,0.274,0.999989,0.6607,,,0.5018,0.042624,,,,,,,,,
square_1Hz_1Hz_7_absolute.csv,square,22538,3.0171,68.852226,0.005711,0.337961,0.024468,0.192378,239.55729,38.969,5.0394,32.8314,0.612738,23.0884,36,186.963474,262.828035,1.4058,0.0241,1.1247,1.9966,52.9328,,,58.43,-7.3,38.53,,58.43,0.0,34.77,,58.43,4.87,32.02,,58.43,2.43,33.43,,0.0,q1,0.277,0.999989,0.6917,,,0.4979,0.03399,,,,,,,,,
square_1Hz_1Hz_8_absolute.csv,square,19130,2.9796,65.885157,0.011415,0.373902,0.005409,0.221835,1184.60542,43.4941,4.9753,33.7967,0.598311,11.4632,32,183.932522,241.876236,1.315,0.0042,1.1836,1.9864,41.2441,,,174.99,128.73,134.5,,174.99,131.16,136.93,,220.63,-39.26,179.21,,220.63,-220.63,220.63,,45.65,q3,0.274,0.999989,0.6365,,,0.4975,0.03501,,,,,,,,,
square_1Hz_1Hz_9_absolute.csv,square,18184,3.0246,64.609694,0.018425,0.332638,0.00958,0.201467,350.708969,38.9446,5.2469,45.6771,0.64446,8.345,37,184.930288,294.516598,1.5926,-0.0062,1.2028,2.0348,50.5389,,,375.23,174.38,235.92,,99.51,-52.04,64.89,,99.51,-60.56,72.33,,99.51,-61.78,73.34,,275.72,q1,0.278,0.999989,0.7751,,,0.5044,0.052373,,,,,,,,,
square_1Hz_absolute.csv,square,22246,3.0118,71.765872,0.005757,0.316026,0.004656,0.183006,2432.498088,36.5266,4.6686,22.3845,0.583531,31.2355,32,188.673894,274.903082,1.457,-0.0072,1.0678,1.9779,31.6461,,,0.0,0.0,0.0,,0.0,0.0,0.0,,0.0,0.0,0.0,,0.0,0.0,0.0,,0.0,q1,0.276,0.999989,0.7234,,,0.5055,0.018753,,,,,,,,,
square_200Hz_200Hz_10_absolute.csv,square,19473,200.0205,159.65058,0.500522,0.0,0.0,0.0,0.0,50.0522,2.337,235.4639,0.611382,0.0046,5,137.152463,273.770747,1.9961,-0.2218,1.5609,399.9897,188.9796,,,173.46,0.61,130.35,,252.59,0.61,133.27,,252.59,-1.83,132.1,,252.59,0.61,135.42,,79.12,q2,17.802,0.954019,0.7552,,,0.5957,1.753116,,,,,,,,,
square_200Hz_200Hz_11_absolute.csv,square,17519,200.0114,160.7864,0.333947,0.0,0.0,0.0,0.0,33.3947,2.6043,217.963,0.654519,0.007,4,132.868571,259.809812,1.9554,0.1717,1.5871,399.9658,175.1242,,,251.07,-0.3,136.39,,251.07,-1.52,133.3,,251.07,0.91,130.86,,223.68,0.91,130.86,,27.39,q1,17.802,0.954023,0.7167,,,0.4618,1.550537,,,,,,,,,
square_200Hz_200Hz_12_absolute.csv,square,16745,200.0,170.868964,0.373748,0.0,0.0,0.0,0.0,37.3748,2.4821,221.2466,0.639152,0.0069,3,135.764547,262.070785,1.9303,-0.1014,1.5224,399.9403,147.9845,,,241.02,-2.43,142.57,,233.72,2.43,135.52,,241.02,-1.22,140.84,,241.02,1.22,140.09,,7.3,q1,17.801,0.954028,0.7229,,,0.5113,1.616121,,,,,,,,,
square_200Hz_200Hz_13_absolute.csv,square,15206,199.9868,156.640376,0.363595,0.0,0.0,0.0,0.0,36.3595,2.5544,218.3741,0.64148,0.0067,4,130.576069,252.269541,1.932,0.2033,1.5263,399.9737,182.2965,,,249.54,1.22,132.09,,249.54,-2.43,131.33,,249.54,-0.0,131.84,,249.54,1.22,134.98,,0.0,q1,17.799,0.954034,0.6959,,,0.4724,1.568298,,,,,,,,,
square_200Hz_200Hz_1_absolute.csv,square,17790,200.0,168.751554,0.466524,0.0,0.0,0.0,0.0,46.6524,2.6892,229.528,0.643793,0.0066,4,137.608659,258.391675,1.8777,0.1679,1.6767,400.0,145.6998,,,247.41,0.3,141.89,,247.41,1.52,136.08,,247.41,0.3,137.75,,247.41,-2.13,143.74,,0.0,q1,17.801,0.954028,0.7127,,,0.4678,1.703971,,,,,,,,,
square_200Hz_200Hz_2_absolute.csv,square,16899,200.0118,167.791503,0.384512,0.0,0.0,0.0,0.0,38.4512,2.4278,230.352,0.605767,0.0057,4,136.140496,206.961302,1.5202,-0.1474,1.5707,399.9645,195.3962,,,202.07,1.22,135.97,,202.07,1.22,138.08,,202.07,-1.22,136.75,,202.07,-1.22,136.75,,0.0,q1,17.802,0.954023,0.5709,,,0.569,1.718196,,,,,,,,,
square_200Hz_200Hz_3_absolute.csv,square,19247,199.9792,152.317763,0.453051,0.0,0.0,0.0,0.0,45.3051,2.5107,226.7559,0.625811,0.0075,4,139.522842,240.577633,1.7243,0.3234,1.5956,401.2573,150.2572,,,200.55,-0.91,133.93,,200.55,0.3,132.46,,200.55,0.3,132.46,,195.07,0.3,131.73,,5.48,q1,17.799,0.954037,0.6636,,,0.4245,1.624945,,,,,,,,,
square_200Hz_200Hz_4_absolute.csv,square,16595,200.0,171.926623,0.464496,0.0,0.0,0.0,0.0,46.4496,2.4025,235.2036,0.600557,0.007,3,138.317768,249.506413,1.8039,0.371,1.5663,400.0,141.0666,,,186.25,1.22,138.3,,186.25,2.43,137.49,,186.25,-3.65,139.39,,186.25,0.0,139.09,,0.0,q1,17.801,0.954028,0.6882,,,0.4,1.711095,,,,,,,,,
square_200Hz_200Hz_5_absolute.csv,square,16219,200.0123,168.433738,0.329616,0.0,0.0,0.0,0.0,32.9616,2.4253,221.1353,0.612393,0.0063,4,134.996551,218.497177,1.6185,-0.2499,1.5157,399.963,135.5817,,,206.94,-3.65,133.38,,206.94,3.65,135.31,,206.94,1.22,129.31,,206.94,-1.22,133.54,,0.0,q1,17.802,0.954023,0.6027,,,0.5881,1.579122,,,,,,,,,
square_200Hz_200Hz_6_absolute.csv,square,17042,199.9765,147.909013,0.388565,0.0,0.0,0.0,0.0,38.8565,2.3914,221.4844,0.586625,0.0069,4,134.290675,205.336112,1.529,0.1938,1.5099,399.9531,188.5929,,,222.16,-0.61,134.71,,222.16,0.61,135.91,,222.16,-0.61,136.84,,222.16,0.61,135.2,,0.0,q1,17.799,0.954038,0.5664,,,0.4345,1.591161,,,,,,,,,
square_200Hz_200Hz_7_absolute.csv,square,16120,200.0,171.388709,0.420241,0.0,0.0,0.0,0.0,42.0241,2.4157,229.7917,0.618308,0.0042,5,134.884618,266.773452,1.9778,-0.0388,1.523,400.0,199.8759,,,201.46,1.83,142.3,,201.46,0.61,138.15,,201.46,-3.04,135.24,,201.46,0.61,138.85,,0.0,q1,17.801,0.954028,0.7359,,,0.4888,1.705644,,,,,,,,,
square_200Hz_200Hz_8_absolute.csv,square,23046,199.9913,172.660196,0.458404,0.0,0.0,0.0,0.0,45.8404,2.1581,239.2065,0.602772,0.0016,2,140.057674,276.679935,1.9755,-0.1793,1.5425,399.9826,197.9953,,,166.46,-0.91,134.37,,166.46,0.3,131.03,,166.46,-0.91,134.37,,166.46,1.52,129.84,,0.0,q1,17.8,0.954032,0.7632,,,0.5926,1.784267,,,,,,,,,
square_200Hz_200Hz_9_absolute.csv,square,14762,199.9729,147.565661,0.422183,0.0,0.0,0.0,0.0,42.2183,2.638,217.4209,0.611695,0.0055,3,136.164963,249.346192,1.8312,0.0145,1.715,400.0135,198.3471,,,240.72,1.52,143.49,,240.72,-3.35,142.26,,240.72,1.52,145.49,,240.72,0.3,146.51,,0.0,q1,17.798,0.95404,0.6878,,,0.5283,1.587763,,,,,,,,,
square_200Hz_absolute.csv,square,15545,200.0,171.415182,0.370809,0.0,0.0,0.0,0.0,37.0809,2.381,222.6268,0.584637,0.0054,3,134.56934,211.153427,1.5691,-0.1152,1.5161,400.0,142.5539,,,206.33,-0.61,132.18,,206.33,0.61,135.85,,206.33,0.61,134.42,,206.33,-0.61,132.18,,0.0,q1,17.801,0.954028,0.5824,,,0.5573,1.60596,,,,,,,,,
square_300Hz_300Hz_10_absolute.csv,square,19598,299.9796,210.066292,0.0,0.0,0.0,0.0,0.0,0.0,2.4386,232.5553,0.558732,0.1617,3,211.733604,372.82108,1.7608,-0.0236,1.4143,599.9592,108.0723,,,343.28,15.82,215.99,,343.28,-10.96,214.45,,343.28,13.39,212.54,,343.28,-18.26,212.18,,0.0,q1,25.77,0.904603,1.0846,,,0.5001,1.861139,,,,,,,,,
square_300Hz_300Hz_11_absolute.csv,square,16904,299.9882,218.65702,0.0,0.0,0.0,0.0,0.0,0.0,2.6251,224.6651,0.603053,0.3133,3,204.958314,373.22692,1.821,-0.0185,1.6809,591.6943,109.8557,,,371.88,6.7,202.53,,371.88,-7.91,200.9,,371.88,11.56,198.59,,371.88,-10.35,206.39,,0.0,q1,25.771,0.904598,1.0858,,,0.4876,1.784921,,,,,,,,,
square_300Hz_300Hz_12_absolute.csv,square,18125,300.0276,202.754911,0.0,0.0,0.0,0.0,0.0,0.0,2.5398,228.7626,0.590331,0.2787,3,205.546473,406.865209,1.9794,-0.0068,1.7817,598.731,102.8414,,,304.02,11.87,203.35,,328.97,-11.26,200.24,,328.97,14.3,211.56,,328.97,-14.91,206.85,,24.95,q2,25.774,0.904577,1.1836,,,0.4818,1.807993,,,,,,,,,
square_300Hz_300Hz_13_absolute.csv,square,31932,300.0125,213.898685,0.0,0.0,0.0,0.0,0.0,0.0,2.6302,225.4792,0.623287,0.4303,3,203.71661,418.844318,2.056,-0.0148,1.6773,592.8849,110.7353,,,368.54,8.22,216.08,,368.54,-6.39,206.09,,368.54,7.0,198.34,,368.54,-8.83,206.88,,0.0,q1,25.773,0.904585,1.2185,,,0.4905,1.787498,,,,,,,,,
square_300Hz_300Hz_1_absolute.csv,square,15279,300.0196,216.204682,0.0,0.0,0.0,0.0,0.0,0.0,2.5892,228.1946,0.588188,0.1178,3,201.578672,411.570112,2.0417,0.0165,1.8668,598.403,101.1846,,,327.76,6.39,207.3,,327.76,-4.56,200.8,,327.76,2.74,193.4,,327.76,-4.56,191.47,,0.0,q1,25.773,0.904581,1.1973,,,0.5183,1.806564,,,,,,,,,
square_300Hz_300Hz_2_absolute.csv,square,16313,300.0061,233.219933,0.0,0.0,0.0,0.0,0.0,0.0,2.4864,226.7678,0.567992,0.3651,3,209.212949,357.859911,1.7105,-0.0023,1.4509,600.0123,108.625,,,352.71,-4.56,204.88,,359.41,0.3,211.89,,359.41,2.74,206.41,,359.41,1.52,209.17,,6.7,q2,25.772,0.904588,1.0411,,,0.5,1.796747,,,,,,,,,
square_300Hz_300Hz_3_absolute.csv,square,16553,300.006,231.255837,0.0,0.0,0.0,0.0,0.0,0.0,2.5058,226.0554,0.572819,0.3688,3,208.862513,332.069056,1.5899,-0.0037,1.4404,597.8977,113.635,,,328.06,3.04,208.62,,328.06,-5.48,216.12,,328.06,4.26,212.45,,328.06,-1.83,207.97,,0.0,q1,25.772,0.904589,0.966,,,0.4989,1.790586,,,,,,,,,
square_300Hz_300Hz_4_absolute.csv,square,26450,300.0,238.559545,0.0,0.0,0.0,0.0,0.0,0.0,2.4369,229.4257,0.583621,0.1233,3,212.071746,378.359301,1.7841,-0.01,1.5201,599.9622,106.7297,,,377.97,-10.35,211.85,,334.15,10.35,211.07,,334.15,-12.78,209.36,,334.15,12.78,211.73,,43.82,q1,25.772,0.904592,1.1007,,,0.5022,1.835027,,,,,,,,,
square_300Hz_300Hz_5_absolute.csv,square,18446,300.0108,228.88213,0.0,0.0,0.0,0.0,0.0,0.0,2.5206,229.1239,0.566249,0.2446,3,207.105624,405.395756,1.9574,0.0081,1.6601,599.2085,105.8766,,,246.81,2.74,205.52,,307.06,-5.78,210.77,,307.06,6.39,206.99,,307.06,-3.35,206.5,,60.26,q2,25.772,0.904586,1.1794,,,0.4848,1.814212,,,,,,,,,
square_300Hz_300Hz_6_absolute.csv,square,21808,299.9817,202.580768,0.0,0.0,0.0,0.0,0.0,0.0,2.4776,226.1762,0.576638,0.1855,3,208.928373,401.664598,1.9225,-0.0024,1.6869,594.9652,105.9244,,,323.19,-1.83,202.15,,388.92,-0.61,208.06,,388.92,4.26,209.14,,402.32,-1.83,211.01,,79.12,q4,25.77,0.904602,1.1685,,,0.5202,1.791138,,,,,,,,,
square_300Hz_300Hz_7_absolute.csv,square,17988,299.9778,200.561977,0.0,0.0,0.0,0.0,0.0,0.0,2.5285,226.9039,0.571447,0.1662,3,206.704317,363.891239,1.7604,-0.0022,1.4375,600.0111,110.2958,,,348.75,-3.04,205.68,,348.75,1.83,205.86,,348.75,-4.26,208.89,,348.75,5.48,210.61,,0.0,q1,25.77,0.904604,1.0586,,,0.5,1.791679,,,,,,,,,
square_300Hz_300Hz_8_absolute.csv,square,21420,300.0,211.172497,0.0,0.0,0.0,0.0,0.0,0.0,2.4322,217.7808,0.523521,0.6047,2,198.205664,362.123421,1.827,0.005,1.577,599.9533,100.0,,,349.67,10.04,195.91,,349.67,-13.09,196.67,,349.67,11.26,199.77,,349.67,-8.22,198.94,,0.0,q1,25.772,0.904592,1.0535,,,0.5,1.681197,,,,,,,,,
square_300Hz_300Hz_9_absolute.csv,square,16868,299.9763,195.113843,0.0,0.0,0.0,0.0,0.0,0.0,2.6279,228.6484,0.593942,0.1524,3,201.26246,409.78522,2.0361,-0.0111,1.8345,596.5734,104.221,,,327.15,1.52,195.42,,327.15,1.52,204.1,,327.15,-9.43,208.63,,327.15,6.39,206.19,,0.0,q1,25.77,0.904605,1.1921,,,0.4813,1.807968,,,,,,,,,
square_300Hz_absolute.csv,square,16365,300.0306,203.461429,0.0,0.0,0.0,0.0,0.0,0.0,2.4794,228.2357,0.549732,0.2803,3,206.93264,356.452049,1.7226,0.0054,1.7732,600.0,101.1916,,,277.54,6.09,207.34,,277.54,-3.65,206.38,,277.54,6.09,206.87,,355.45,-8.52,211.89,,77.91,q4,25.774,0.904575,1.037,,,0.5009,1.814261,,,,,,,,,
square_400Hz_400Hz_10_absolute.csv,square,22974,400.0174,141.801395,0.0,0.0,0.0,0.0,0.0,0.0,2.309,371.8575,0.653568,0.0079,5,116.67893,218.960017,1.8766,-0.3847,2.2021,781.318,197.2229,,,219.72,-0.61,117.58,,219.72,-0.61,118.4,,219.72,0.61,119.79,,219.72,0.61,117.36,,0.0,q1,32.863,0.846723,0.6805,,,0.5915,3.254676,,,,,,,,,
square_400Hz_400Hz_11_absolute.csv,square,17167,400.0117,142.277896,0.0,0.0,0.0,0.0,0.0,0.0,2.7838,351.5655,0.669459,0.0099,4,117.271286,242.957212,2.0718,0.2951,2.2686,666.2201,197.8214,,,235.85,2.13,123.72,,235.85,2.13,123.72,,235.85,-1.52,117.78,,235.85,-2.74,121.42,,0.0,q1,32.863,0.846726,0.7551,,,0.3605,3.048379,,,,,,,,,
square_400Hz_400Hz_12_absolute.csv,square,15134,400.0264,139.406369,0.0,0.0,0.0,0.0,0.0,0.0,2.5042,364.1747,0.631572,0.0084,7,117.222568,225.356638,1.9225,0.5191,2.2401,738.0732,199.9471,,,227.33,0.91,116.85,,227.33,-2.74,121.6,,227.33,-1.52,120.31,,227.33,3.35,119.9,,0.0,q1,32.864,0.846717,0.7004,,,0.3717,3.227411,,,,,,,,,
square_400Hz_400Hz_13_absolute.csv,square,30228,399.9934,133.534515,0.0,0.0,0.0,0.0,0.0,0.0,2.7757,354.3542,0.682609,0.0075,5,114.514004,286.030066,2.4978,0.2125,2.1914,773.5874,196.3411,,,189.59,1.52,110.08,,268.72,-2.13,119.07,,268.72,0.3,115.96,,268.72,0.3,120.04,,79.12,q2,32.861,0.846737,0.889,,,0.4419,3.110399,,,,,,,,,
square_400Hz_400Hz_1_absolute.csv,square,17956,399.9777,123.471319,0.0,0.0,0.0,0.0,0.0,0.0,2.7646,349.8407,0.660715,0.0073,6,116.098604,296.106896,2.5505,0.4368,2.2173,717.7545,199.0978,,,206.03,-2.13,116.61,,206.03,2.74,115.3,,206.03,2.74,116.13,,268.72,-3.35,117.35,,62.69,q4,32.86,0.846746,0.9203,,,0.3806,3.04541,,,,,,,,,
square_400Hz_400Hz_2_absolute.csv,square,18144,400.022,138.04144,0.0,0.0,0.0,0.0,0.0,0.0,2.5936,357.5391,0.634964,0.0075,4,116.713707,272.799876,2.3373,-0.0786,2.1026,798.9969,194.7751,,,201.77,-3.35,114.6,,201.77,0.3,116.15,,201.77,1.52,114.44,,201.77,1.52,116.93,,0.0,q1,32.863,0.84672,0.8479,,,0.49,3.184899,,,,,,,,,
square_400Hz_400Hz_3_absolute.csv,square,19956,399.98,127.638699,0.0,0.0,0.0,0.0,0.0,0.0,2.5504,363.7737,0.637884,0.008,4,116.838103,255.059464,2.183,-0.0656,2.1686,775.5061,195.6805,,,223.07,0.3,112.66,,223.07,1.52,113.79,,223.07,-0.91,116.6,,223.07,-0.91,112.39,,0.0,q1,32.861,0.846745,0.7927,,,0.4657,3.21535,,,,,,,,,
square_400Hz_400Hz_4_absolute.csv,square,38346,400.0156,133.56199,0.0,0.0,0.0,0.0,0.0,0.0,2.5022,367.7749,0.678748,0.0066,3,116.932071,249.639047,2.1349,0.0645,2.0627,762.3742,197.6217,,,232.81,-0.3,122.48,,232.81,-0.3,122.48,,232.81,0.91,122.13,,232.81,-0.3,124.04,,0.0,q1,32.863,0.846724,0.7759,,,0.5507,3.231161,,,,,,,,,
square_400Hz_400Hz_5_absolute.csv,square,21308,399.9906,140.973156,0.0,0.0,0.0,0.0,0.0,0.0,2.5634,359.4885,0.640226,0.0054,4,115.90802,248.20012,2.1414,-0.491,2.1539,793.5048,190.8203,,,227.94,-2.13,113.39,,167.68,-0.91,111.14,,227.94,2.74,115.51,,167.68,0.3,110.61,,60.26,q1,32.861,0.846739,0.7714,,,0.5024,3.200285,,,,,,,,,
square_400Hz_400Hz_6_absolute.csv,square,21261,399.9812,129.952089,0.0,0.0,0.0,0.0,0.0,0.0,2.5423,359.5404,0.619125,0.0066,3,117.208927,241.171709,2.0576,-0.4353,2.1967,684.6338,190.5837,,,234.02,-2.74,113.9,,234.02,0.91,117.75,,234.02,2.13,115.72,,234.02,-0.3,119.74,,0.0,q1,32.861,0.846744,0.7495,,,0.6487,3.186224,,,,,,,,,
square_400Hz_400Hz_7_absolute.csv,square,18904,400.0212,140.38411,0.0,0.0,0.0,0.0,0.0,0.0,2.5672,358.532,0.636967,0.0061,4,117.069459,267.256964,2.2829,-0.0407,2.1041,791.0495,198.1062,,,221.24,-0.3,118.75,,221.24,-1.52,119.32,,221.24,-1.52,116.87,,221.24,3.35,114.53,,0.0,q1,32.863,0.84672,0.8306,,,0.5011,3.193805,,,,,,,,,
square_400Hz_400Hz_8_absolute.csv,square,20818,399.9904,144.395343,0.0,0.0,0.0,0.0,0.0,0.0,2.3128,367.9071,0.622255,0.0062,3,117.121814,205.054228,1.7508,-0.28,2.206,799.9808,195.8401,,,204.81,0.91,118.43,,204.81,0.91,118.43,,204.81,-1.52,116.93,,204.81,-0.3,117.68,,0.0,q1,32.861,0.846739,0.6373,,,0.5327,3.295156,,,,,,,,,
square_400Hz_400Hz_9_absolute.csv,square,24643,399.9919,135.288783,0.0,0.0,0.0,0.0,0.0,0.0,2.8312,345.3431,0.686974,0.0083,3,118.108114,299.263581,2.5338,0.2198,2.122,700.1583,195.5931,,,269.33,-3.96,114.88,,190.2,2.13,113.6,,269.33,2.13,114.45,,269.33,-0.3,115.12,,79.12,q1,32.861,0.846738,0.9301,,,0.4024,3.011771,,,,,,,,,
square_400Hz_absolute.csv,square,17330,400.0,151.791931,0.0,0.0,0.0,0.0,0.0,0.0,2.3902,367.8885,0.608719,0.0053,3,117.699778,278.956616,2.3701,-0.4276,2.1098,800.0,192.8448,,,199.94,0.3,117.86,,199.94,-0.91,120.26,,199.94,0.3,117.04,,199.94,0.3,119.48,,0.0,q1,32.862,0.846733,0.867,,,0.5777,3.235288,,,,,,,,,
noise-10_absolute.csv,noise,9450,2.1164,6.736807,0.181596,0.205226,0.344651,0.430687,1.499777,61.593,8.53,56.3757,0.693622,6.2026,153,23.669468,86.860569,3.6697,2.6371,8.2684,9.1005,3.4921,,,0.0,0.0,0.0,,0.0,0.0,0.0,,0.0,0.0,0.0,,0.0,0.0,0.0,,0.0,q1,0.194,0.999994,0.2286,,,,,8.2684,5.2684,0.946786,,,,,,
noise-11_absolute.csv,noise,12802,1.9528,5.201619,0.370737,0.18714,0.213285,0.152659,0.318832,49.1185,8.8145,48.2766,0.654782,10.1361,204,32.999158,96.819048,2.934,-1.32,2.7631,9.2954,4.2962,,,0.0,0.0,0.0,,0.0,0.0,0.0,,0.0,0.0,0.0,,0.0,0.0,0.0,,0.0,q1,0.179,0.999995,0.2548,,,,,2.7631,0.2369,0.972377,,,,,,
noise-12_absolute.csv,noise,10083,37.4888,7.360919,0.127745,0.113817,0.085109,0.068827,0.75083,20.311,9.5252,83.4054,0.709025,4.4464,471,39.103906,224.321011,5.7365,-1.3337,6.6777,32.53,1.1901,,,97.99,-97.99,97.99,,97.99,-24.95,38.11,,60.26,38.34,52.19,,139.38,84.6,92.15,,79.12,q4,3.438,0.998271,0.5913,,,,,6.6777,3.6777,0.923437,,,,,,
noise-13_absolute.csv,noise,11200,2.0536,4.772481,0.526429,0.390928,0.559213,0.574539,0.81872,103.5744,10.4004,98.763,0.723385,2.0919,627,37.956529,185.106771,4.8768,0.6027,1.6211,31.875,15.2679,,,0.0,0.0,0.0,,0.0,0.0,0.0,,0.0,0.0,0.0,,0.0,0.0,0.0,,0.0,q1,0.189,0.999995,0.4871,,,,,1.6211,1.3789,0.923363,,,,,,
noise-14_absolute.csv,noise,8435,37.463,4.130316,0.226969,0.115976,0.074494,0.129688,0.530446,29.5523,9.7029,98.9323,0.724634,2.9769,426,20.069886,84.095633,4.1901,-3.0918,13.0609,17.9016,1.3041,,,78.21,-2.74,16.83,,0.91,0.91,0.91,,0.91,0.91,0.91,,0.91,0.91,0.91,,77.3,q1,3.435,0.998273,0.2217,,,,,13.0609,10.0609,0.840482,,,,,,
noise-15_absolute.csv,noise,9194,2.0666,8.412635,0.304546,0.307061,0.330546,0.314587,0.95665,62.8697,9.8617,99.6201,0.710677,2.4014,456,39.580045,188.118589,4.7529,0.3794,1.7813,59.4953,28.4968,,,31.04,31.04,31.04,,48.08,20.09,33.92,,127.21,-20.09,54.69,,206.33,-31.04,64.35,,175.29,q4,0.19,0.999995,0.4951,,,,,1.7813,1.2187,0.861542,,,,,,
noise-16_absolute.csv,noise,8234,38.256,5.715219,0.110354,0.093808,0.477513,0.122988,0.09961,51.3929,9.7368,126.8828,0.676425,1.4202,478,38.678533,323.91432,8.3745,-0.2077,7.7346,42.5067,6.9225,,,3.35,-3.35,3.35,,3.35,-3.35,3.35,,3.35,-3.35,3.35,,154.9,10.04,41.85,,151.55,q4,3.508,0.998199,0.8539,,,,,7.7346,4.7346,0.819269,,,,,,
noise-17_absolute.csv,noise,8394,1.9061,7.86167,0.527578,0.314973,0.312227,0.341708,0.574664,76.9283,9.9016,98.9439,0.69679,2.7507,437,40.787221,171.359921,4.2013,0.0452,4.1923,18.823,8.5776,,,77.91,3.65,19.36,,1.22,-1.22,1.22,,1.22,-1.22,1.22,,1.22,-1.22,1.22,,76.69,q1,0.175,0.999996,0.4509,,,,,4.1923,1.1923,0.896882,,,,,,
noise-18_absolute.csv,noise,9274,2.3722,0.72462,0.813185,0.822931,0.742652,0.528207,0.788438,147.276,10.9414,172.1985,0.774907,0.4725,610,6.555628,157.770216,24.0664,11.5355,170.5143,6.4697,2.9114,,,4.56,-4.56,4.56,,4.56,-4.56,4.56,,4.56,-4.56,4.56,,153.68,13.69,41.04,,149.12,q4,0.218,0.999993,0.4152,,,,,170.5143,167.5143,0.45022,,,,,,
noise-19_absolute.csv,noise,8929,1.9039,8.531517,0.511384,0.161259,0.193263,0.215141,0.241883,60.9224,9.1236,73.4047,0.692214,4.0908,249,39.930112,136.013592,3.4063,-0.4322,2.5773,19.4871,12.3194,,,56.3,36.82,50.18,,135.42,3.96,50.73,,56.3,-17.96,26.15,,22.82,-22.82,22.82,,112.6,q2,0.175,0.999996,0.3579,,,,,2.5773,0.4227,0.94171,,,,,,
noise-1_absolute.csv,noise,9598,2.188,1.564473,0.340385,0.143296,0.430201,0.475112,0.818335,73.973,10.1502,94.9476,0.725544,3.0569,638,25.399711,87.318336,3.4378,-2.1293,7.3311,6.1471,1.4586,,,18.87,-18.87,18.87,,18.87,-18.87,18.87,,60.26,-10.35,26.62,,60.26,48.08,55.92,,41.39,q3,0.201,0.999994,0.2298,,,,,7.3311,4.3311,0.953978,,,,,,
noise-20_absolute.csv,noise,8449,1.8937,3.039725,0.86644,0.729314,0.828388,0.503195,0.546371,149.0654,9.681,75.6121,0.693118,4.0463,567,25.515173,85.17363,3.3382,-1.5554,8.3414,10.2971,3.6691,,,76.08,3.04,21.3,,76.08,3.04,21.3,,3.04,-3.04,3.04,,3.04,-3.04,3.04,,73.04,q1,0.174,0.999996,0.2241,,,,,8.3414,5.3414,0.902639,,,,,,
noise-21_absolute.csv,noise,8270,2.1765,3.004245,0.415876,0.349378,0.429706,0.262846,0.534544,74.0779,8.0511,44.7855,0.67152,13.1327,149,218.21105,530.359602,2.4305,-1.9071,4.8085,3.2648,0.8464,,,0.0,0.0,0.0,,0.0,0.0,0.0,,0.0,0.0,0.0,,0.0,0.0,0.0,,0.0,q1,0.2,0.999994,1.3957,,,,,4.8085,1.8085,0.999571,,,,,,
noise-22_absolute.csv,noise,13139,2.5877,8.112348,0.535896,0.24094,0.407085,0.288874,0.31243,77.0975,8.686,40.5977,0.646624,15.0424,221,230.568023,379.215754,1.6447,-0.332,1.3208,0.4567,4.4904,,,0.0,0.0,0.0,,0.0,0.0,0.0,,0.0,0.0,0.0,,0.0,0.0,0.0,,0.0,q1,0.238,0.999992,0.9979,,,,,1.3208,1.6792,0.998485,,,,,,
noise-23_absolute.csv,noise,12412,3.0616,4.451568,0.533677,0.508519,0.355864,0.326356,0.88735,88.1221,9.9874,82.3967,0.71991,3.4828,709,201.303643,427.481197,2.1236,-1.0226,2.219,1.1279,8.7013,,,0.0,0.0,0.0,,0.0,0.0,0.0,,0.0,0.0,0.0,,0.0,0.0,0.0,,0.0,q1,0.281,0.999988,1.125,,,,,2.219,0.781,0.997722,,,,,,
noise-24_absolute.csv,noise,14517,1.9977,4.916175,0.394481,0.309976,0.429159,0.247257,0.462698,70.4992,9.8557,71.945,0.699592,5.3752,382,64.838677,101.879578,1.5713,-0.5735,1.7234,10.4705,4.753,,,0.0,0.0,0.0,,0.0,0.0,0.0,,0.0,0.0,0.0,,0.0,0.0,0.0,,0.0,q1,0.183,0.999995,0.2681,,,,,1.7234,1.2766,0.989639,,,,,,
noise-25_absolute.csv,noise,11070,2.8907,5.350677,0.508435,0.399248,0.284531,0.25179,0.656319,74.9841,9.4867,68.4805,0.700991,6.2813,472,86.44964,195.579947,2.2624,-0.3228,1.691,3.4327,7.9494,,,0.0,0.0,0.0,,0.0,0.0,0.0,,0.0,0.0,0.0,,0.0,0.0,0.0,,0.0,q1,0.265,0.99999,0.5147,,,,,1.691,1.309,0.990993,,,,,,
noise-26_absolute.csv,noise,10974,1.9136,6.293448,0.418038,0.313283,0.387281,0.562376,1.276128,85.9741,9.6969,75.2231,0.690542,6.9513,479,216.035336,512.336817,2.3715,-1.7572,4.3692,2.4604,16.4935,,,0.0,0.0,0.0,,0.0,0.0,0.0,,0.0,0.0,0.0,,0.0,0.0,0.0,,0.0,q1,0.176,0.999995,1.3483,,,,,4.3692,1.3692,0.996913,,,,,,
noise-27_absolute.csv,noise,586,1.7065,0.979281,1.896928,1.896928,1.896928,1.0,0.638953,343.4386,0.9547,12.9358,0.645087,20.671,0,8.59605,78.178835,9.0947,8.9848,81.7264,11.9454,5.1195,,,0.0,0.0,0.0,,0.0,0.0,0.0,,,,,,,,,,0.0,q1,0.157,0.999996,0.2057,,,,,81.7264,78.7264,0.456909,,,,,,
noise-28_absolute.csv,noise,11583,61.9011,5.370166,0.189043,0.124914,0.105129,0.045356,0.37745,25.3871,10.2306,100.8629,0.7173,2.6764,702,31.019397,144.14872,4.6471,1.5171,3.8979,41.0947,18.907,,,0.0,0.0,0.0,,0.0,0.0,0.0,,0.0,0.0,0.0,,0.0,0.0,0.0,,0.0,q1,5.665,0.995306,0.3811,,,,,3.8979,0.8979,0.847768,,,,,,
noise-29_absolute.csv,noise,10342,2.1272,7.945321,0.45593,0.309704,0.502023,0.277253,0.375705,79.5415,9.7149,78.6291,0.70467,4.8307,387,38.540837,99.726475,2.5876,0.4966,2.5609,27.9443,12.6668,,,76.39,-8.22,28.54,,2.74,2.74,2.74,,2.74,2.74,2.74,,2.74,2.74,2.74,,73.65,q1,0.195,0.999994,0.2624,,,,,2.5609,0.4391,0.930099,,,,,,
noise-2_absolute.csv,noise,10414,2.1125,2.588555,0.335954,0.480563,0.560304,0.527843,1.193887,96.7659,9.4722,60.8039,0.66695,7.4508,382,37.229929,102.684933,2.7581,0.7065,1.9741,2.6887,1.2483,,,0.0,-0.0,0.0,,0.0,-0.0,0.0,,0.0,-0.0,0.0,,0.0,-0.0,0.0,,0.0,q1,0.194,0.999994,0.2702,,,,,1.9741,1.0259,0.988289,,,,,,
noise-30_absolute.csv,noise,10428,2.1097,5.051787,0.315762,0.142568,0.306373,0.256184,0.444058,52.8702,9.8824,93.7024,0.725797,3.8233,481,33.118512,93.220863,2.8148,1.0756,3.7907,14.0967,6.1373,,,0.0,0.0,0.0,,0.0,0.0,0.0,,0.0,0.0,0.0,,0.0,0.0,0.0,,0.0,q1,0.194,0.999995,0.2453,,,,,3.7907,0.7907,0.944433,,,,,,
noise-31_absolute.csv,noise,6384,2.3496,6.74551,0.143594,0.288434,0.162747,0.337305,4.181436,49.4039,8.1886,63.8714,0.685144,6.8775,133,31.331081,85.147421,2.7177,-0.6422,5.8963,18.797,0.3133,,,0.0,0.0,0.0,,0.0,0.0,0.0,,0.0,0.0,0.0,,0.0,0.0,0.0,,0.0,q1,0.216,0.999993,0.2241,,,,,5.8963,2.8963,0.937527,,,,,,
noise-32_absolute.csv,noise,6938,1.8737,7.859732,0.966924,0.390418,0.367823,0.33139,0.245035,115.4332,8.9191,73.3996,0.690506,6.1766,372,72.488769,353.160341,4.8719,-2.5119,10.4064,33.439,15.9988,,,252.89,188.38,191.87,,94.64,22.82,69.99,,142.73,-94.04,101.61,,142.73,-117.16,122.87,,158.25,q1,0.172,0.999996,0.9294,,,,,10.4064,7.4064,0.975957,,,,,,
noise-33_absolute.csv,noise,10885,3.491,3.595475,0.580134,0.335376,0.352922,0.308033,0.449702,81.7601,8.9306,45.2446,0.642254,12.5244,334,22.335387,161.692545,7.2393,1.445,11.9869,7.1658,3.2154,,,1.22,-1.22,1.22,,77.91,3.65,19.36,,1.22,-1.22,1.22,,1.22,-1.22,1.22,,76.69,q2,0.32,0.999985,0.4255,,,,,11.9869,8.9869,0.93313,,,,,,
noise-34_absolute.csv,noise,9872,37.581,2.452552,0.368383,0.173961,0.454824,0.256194,0.279935,66.217,10.6132,105.0543,0.729957,1.936,661,30.336415,153.221622,5.0507,-3.0517,17.4587,4.7609,5.1661,,,59.04,-51.73,56.58,,59.04,11.56,27.12,,20.09,20.09,20.09,,20.09,20.09,20.09,,38.95,q1,3.446,0.998262,0.4039,,,,,17.4587,14.4587,0.935142,,,,,,
noise-35_absolute.csv,noise,9484,2.1088,2.812173,0.609415,0.513766,0.383791,0.25237,0.631688,91.9961,8.7828,44.4373,0.618492,11.161,199,35.642028,56.731672,1.5917,-0.9635,1.9282,10.4386,4.9557,,,56.6,-3.04,34.22,,56.6,-16.43,26.73,,56.6,-1.83,34.82,,56.6,21.3,44.73,,0.0,q1,0.194,0.999995,0.1493,,,,,1.9282,1.0718,0.974274,,,,,,
noise-36_absolute.csv,noise,12720,9.827,3.683858,0.164523,0.099378,0.1829,0.11471,0.380605,28.9059,9.0067,50.5061,0.668587,6.7186,273,27.176075,68.312876,2.5137,2.1159,5.477,15.3302,6.8396,,,44.74,44.74,44.74,,44.74,24.04,42.27,,34.39,-34.39,34.39,,34.39,-34.39,34.39,,10.35,q1,0.902,0.999881,0.1798,,,,,5.477,2.477,0.935006,,,,,,
noise-37_absolute.csv,noise,9445,1.9058,3.342025,0.539728,0.330626,0.333132,0.282659,0.47034,76.9086,9.7289,80.7751,0.723512,4.2292,343,14.430434,80.229811,5.5598,2.0735,29.5705,7.8348,3.0704,,,77.91,-3.65,19.36,,1.22,1.22,1.22,,1.22,1.22,1.22,,1.22,1.22,1.22,,76.69,q1,0.175,0.999996,0.2111,,,,,29.5705,26.5705,0.818561,,,,,,
noise-38_absolute.csv,noise,13583,37.3261,2.12489,0.226445,0.129439,0.127485,0.111886,0.433479,31.1131,10.3101,76.651,0.681647,4.1916,784,49.941821,301.169836,6.0304,-3.6292,16.9991,6.8468,0.6626,,,15.22,-15.22,15.22,,15.22,-15.22,15.22,,15.22,-15.22,15.22,,63.91,45.65,56.53,,48.69,q4,3.423,0.998286,0.7939,,,,,16.9991,13.9991,0.987518,,,,,,
noise-39_absolute.csv,noise,11448,2.0964,6.280452,0.307792,0.119777,0.226009,0.105313,0.174449,41.3827,8.6708,47.4714,0.647319,9.9594,153,23.628067,71.293154,3.0173,-2.6859,8.214,7.5996,3.5814,,,0.0,0.0,0.0,,0.0,0.0,0.0,,0.0,0.0,0.0,,0.0,0.0,0.0,,0.0,q1,0.192,0.999995,0.1876,,,,,8.214,5.214,0.957372,,,,,,
noise-3_absolute.csv,noise,9398,2.3409,5.086051,0.516498,0.590859,0.358509,0.411074,1.310646,95.5717,9.8244,87.7435,0.724548,4.5237,605,39.152425,45.235996,1.1554,0.2899,1.084,44.1583,19.2594,,,54.78,14.61,42.17,,54.78,-9.74,32.21,,54.78,0.0,36.52,,54.78,-4.87,34.43,,0.0,q1,0.215,0.999993,0.119,,,,,1.084,1.916,0.909818,,,,,,
noise-40_absolute.csv,noise,15552,1.9933,5.494418,0.45201,0.267829,0.255871,0.406857,0.879467,71.2073,9.5619,59.0977,0.685685,6.9781,299,35.006628,174.900057,4.9962,0.8866,3.2093,14.4033,5.9156,,,0.0,0.0,0.0,,0.0,0.0,0.0,,0.0,0.0,0.0,,0.0,0.0,0.0,,0.0,q1,0.183,0.999995,0.4603,,,,,3.2093,0.2093,0.957623,,,,,,
noise-41_absolute.csv,noise,7270,1.9257,7.298291,0.584183,0.505571,0.597166,0.463447,0.674022,108.0862,8.858,55.908,0.649072,6.5735,232,39.538101,40.921938,1.035,0.0688,1.0047,16.7813,8.2531,,,0.0,0.0,0.0,,0.0,0.0,0.0,,0.0,0.0,0.0,,0.0,0.0,0.0,,0.0,q1,0.177,0.999995,0.1077,,,,,1.0047,1.9953,0.966393,,,,,,
noise-42_absolute.csv,noise,10497,38.773,5.418113,0.157464,0.098828,0.058525,0.075052,0.545701,20.8854,9.7343,71.7611,0.675717,7.2712,504,123.414536,495.004534,4.0109,-1.3164,3.2429,4.8585,8.1928,,,0.0,0.0,0.0,,0.0,0.0,0.0,,0.0,0.0,0.0,,0.0,0.0,0.0,,0.0,q1,3.555,0.99815,1.3051,,,,,3.2429,0.2429,0.993733,,,,,,
noise-43_absolute.csv,noise,11018,7.1701,1.405709,0.410203,0.307789,0.191835,0.554952,1.963776,77.9598,10.7112,105.1971,0.723569,1.6922,732,9.622215,158.427532,16.4648,-0.9029,72.5525,6.3532,1.2706,,,0.0,-0.0,0.0,,0.0,-0.0,0.0,,0.0,-0.0,0.0,,0.0,-0.0,0.0,,0.0,q1,0.658,0.999937,0.4169,,,,,72.5525,69.5525,0.693145,,,,,,
noise-44_absolute.csv,noise,13232,2.7207,2.984944,0.492194,0.624753,0.635224,0.591148,1.145576,117.7089,10.605,89.7648,0.732861,2.6897,762,15.468571,80.547182,5.2072,2.1305,25.5513,10.5804,4.7612,,,74.56,-11.26,33.59,,74.56,2.13,13.83,,4.56,4.56,4.56,,4.56,4.56,4.56,,69.99,q1,0.25,0.999991,0.212,,,,,25.5513,22.5513,0.794352,,,,,,
noise-45_absolute.csv,noise,11172,2.0587,6.327302,0.432553,0.36682,0.358644,0.395872,0.92254,77.9101,9.6861,71.7642,0.688611,5.5986,383,82.993476,201.740705,2.4308,-0.7441,2.9713,15.5747,7.9663,,,12.78,12.78,12.78,,66.34,-18.87,43.11,,66.34,-0.61,29.67,,66.34,6.7,22.12,,53.56,q2,0.189,0.999995,0.5309,,,,,2.9713,0.0287,0.988891,,,,,,
noise-46_absolute.csv,noise,9580,2.2965,10.143288,0.270916,0.229607,0.149087,0.157161,0.809635,41.5982,9.1537,63.8564,0.668222,6.169,222,39.934517,119.355003,2.9888,-0.046,1.1496,20.2505,10.0209,,,0.0,0.0,0.0,,0.0,0.0,0.0,,0.0,0.0,0.0,,0.0,0.0,0.0,,0.0,q1,0.211,0.999993,0.3141,,,,,1.1496,1.8504,0.957378,,,,,,
noise-47_absolute.csv,noise,13340,2.1739,3.39009,0.597072,0.417994,0.734188,0.324492,0.312682,108.4224,10.1168,69.0614,0.688041,5.2508,746,36.815988,145.786264,3.9599,-0.7905,4.5864,12.1439,2.9235,,,0.0,-0.0,0.0,,0.0,-0.0,0.0,,0.0,-0.0,0.0,,0.0,-0.0,0.0,,0.0,q1,0.2,0.999994,0.3837,,,,,4.5864,1.5864,0.954783,,,,,,
noise-48_absolute.csv,noise,8299,9.7602,4.161115,0.372708,0.342551,0.438412,0.215698,0.494892,70.355,9.4549,73.317,0.698518,4.6474,506,36.214478,55.488817,1.5322,0.8796,1.7737,27.5937,12.5316,,,14.3,-14.3,14.3,,64.82,-7.0,23.95,,64.82,7.61,36.21,,64.82,13.69,40.24,,50.52,q2,0.896,0.999882,0.146,,,,,1.7737,1.2263,0.934128,,,,,,
noise-49_absolute.csv,noise,8480,37.5,8.057649,0.138134,0.079789,0.097242,0.053232,0.322382,19.426,9.1226,71.9716,0.674015,5.4287,314,39.534173,41.045578,1.0382,0.0751,1.0056,37.3821,16.9811,,,47.78,13.09,35.81,,47.78,-0.3,38.76,,47.78,4.56,37.72,,47.78,-17.35,42.22,,0.0,q1,3.439,0.99827,0.1082,,,,,1.0056,1.9944,0.925122,,,,,,
noise-4_absolute.csv,noise,7794,37.593,7.935249,0.17167,0.181374,0.11906,0.049229,0.809242,28.1008,8.464,70.4481,0.658106,5.3477,237,23.772052,71.184303,2.9945,-2.6605,8.0783,20.272,10.0077,,,0.0,0.0,0.0,,0.0,0.0,0.0,,0.0,0.0,0.0,,0.0,0.0,0.0,,0.0,q1,3.447,0.998261,0.1877,,,,,8.0783,5.0783,0.887709,,,,,,
noise-50_absolute.csv,noise,12108,2.1473,7.819315,0.164701,0.191149,0.257117,0.374453,1.895772,51.9604,9.4566,65.0331,0.668537,6.9113,317,36.243751,55.422089,1.5291,-0.8752,1.766,29.815,14.1229,,,73.65,-3.04,14.0,,73.65,5.48,27.87,,73.65,3.04,24.72,,5.48,-5.48,5.48,,68.17,q1,0.197,0.999994,0.1458,,,,,1.766,1.234,0.928943,,,,,,
noise-5_absolute.csv,noise,8498,1.8828,5.266716,0.756808,0.292618,0.27642,0.217168,0.204551,88.4281,9.1659,76.0824,0.687358,5.7453,422,39.067064,45.800301,1.1724,-0.3194,1.102,17.8866,8.5903,,,0.0,0.0,0.0,,0.0,0.0,0.0,,0.0,0.0,0.0,,0.0,0.0,0.0,,0.0,q1,0.173,0.999996,0.1205,,,,,1.102,1.898,0.963309,,,,,,
noise-6_absolute.csv,noise,8448,1.8939,2.9502,0.585571,0.211643,0.172273,0.130828,0.166167,65.9151,9.5813,78.9943,0.67375,4.2813,196,9.812802,77.886703,7.9373,-7.8113,62.0159,5.2083,0.0,,,0.0,0.0,0.0,,0.0,0.0,0.0,,0.0,0.0,0.0,,0.0,0.0,0.0,,0.0,q1,0.174,0.999996,0.205,,,,,62.0159,59.0159,0.830688,,,,,,
noise-7_absolute.csv,noise,6854,2.4803,13.931375,0.350039,0.409,0.389656,0.308827,0.95734,73.2812,8.4588,61.6715,0.685696,5.2921,155,35.660342,56.693604,1.5898,0.9608,1.9232,48.0012,21.0096,,,54.17,17.65,28.92,,24.95,24.95,24.95,,54.17,-11.56,41.11,,54.17,-31.04,47.53,,29.22,q1,0.228,0.999992,0.1492,,,,,1.9232,1.0768,0.881816,,,,,,
noise-8_absolute.csv,noise,8980,1.8931,2.427328,0.522433,0.405239,0.506623,0.323458,0.507633,89.3558,9.4933,82.173,0.719878,3.9437,360,36.331777,55.219387,1.5199,0.8619,1.7429,12.6949,5.4566,,,0.0,0.0,0.0,,0.0,0.0,0.0,,0.0,0.0,0.0,,0.0,0.0,0.0,,0.0,q1,0.174,0.999996,0.1453,,,,,1.7429,1.2571,0.969893,,,,,,
noise-9_absolute.csv,noise,684,0.0,0.0,0.0,0.0,0.0,0.0,0.0,0.0,-0.0,0.0,1.0,0.0,0,,,,,,,,,,0.0,-0.0,0.0,,0.0,-0.0,0.0,,0.0,-0.0,0.0,,0.0,-0.0,0.0,,0.0,q1,,,,,,,,,,,,,,,,
noise_10_Run1_1_absolute.csv,noise,26307,120.0441,27.472489,0.708468,0.314367,0.025357,0.0,0.196642,77.5498,6.2436,188.1531,0.753164,0.054,30,32.444619,95.049859,2.9296,-1.3285,3.2682,208.5377,104.2308,,,70.6,-3.65,28.78,,70.6,2.43,21.22,,70.6,-3.65,28.78,,70.6,4.87,17.3,,0.0,q1,10.895,0.982682,0.2545,,,,,3.2682,0.2682,0.360191,,,,,,
noise_10_Run2_1_absolute.csv,noise,22206,120.0126,33.559585,0.564249,0.152972,0.064572,0.0,0.072549,58.8173,5.7048,178.7365,0.737926,0.0531,23,34.047736,98.497016,2.8929,-1.1817,2.4122,221.2015,110.5557,,,61.78,2.74,30.82,,61.78,-2.13,34.15,,61.78,-2.13,34.15,,61.78,1.52,31.69,,0.0,q1,10.892,0.982691,0.2638,,,,,2.4122,0.5878,0.401954,,,,,,
noise_10_Run3_1_absolute.csv,noise,21730,120.0184,38.137676,0.552092,0.124249,0.09916,0.0,0.049065,57.4522,5.0192,176.9664,0.737253,0.036,17,36.123637,102.500718,2.8375,-0.8923,1.809,237.5978,118.7759,,,52.95,-1.83,37.88,,52.95,0.61,37.01,,52.95,0.61,37.01,,52.95,0.61,37.01,,0.0,q1,10.892,0.982689,0.2745,,,,,1.809,1.191,0.429339,,,,,,
noise_11_Run1_1_absolute.csv,noise,23077,119.9896,50.629878,0.116565,0.171092,0.172596,0.0,0.674845,26.9535,4.8365,159.6036,0.74072,0.0328,19,50.124083,94.121113,1.8778,-0.1788,2.3838,237.4225,118.6896,,,96.47,2.13,48.19,,96.47,-0.3,50.98,,96.47,-0.3,44.96,,96.47,-1.52,48.5,,0.0,q1,10.89,0.982697,0.252,,,,,2.3838,0.6162,0.514125,,,,,,
noise_11_Run2_1_absolute.csv,noise,17391,120.0621,34.540258,0.394578,0.182631,0.113343,0.0,0.197902,44.9325,6.3082,172.606,0.741171,0.0642,35,40.179135,97.008909,2.4144,0.3027,2.8795,221.8964,110.9194,,,60.26,0.61,34.09,,97.99,-3.04,39.86,,97.99,3.04,45.09,,97.99,-0.61,45.55,,37.74,q2,10.896,0.982677,0.2598,,,,,2.8795,0.1205,0.45354,,,,,,
noise_11_Run3_1_absolute.csv,noise,18121,120.0265,44.146923,0.067208,0.284358,0.015726,0.0,16.972198,29.2615,5.9196,167.3885,0.736984,0.0374,23,45.232985,80.123912,1.7714,-0.0013,3.0583,181.2814,80.1832,,,89.17,-0.3,54.66,,89.17,0.91,55.31,,89.17,3.35,53.08,,89.17,-3.96,52.65,,0.0,q1,10.893,0.982687,0.2146,,,,,3.0583,0.0583,0.477254,,,,,,
noise_12_Run1_1_absolute.csv,noise,16442,119.9976,37.142534,0.415534,0.021102,0.160598,0.0,0.002244,44.5989,5.3267,166.9917,0.737041,0.0449,22,39.086904,104.585932,2.6757,0.4387,1.9674,234.7646,117.3823,,,51.73,0.61,37.84,,51.73,0.61,37.84,,51.73,0.61,37.84,,51.73,-1.83,37.05,,0.0,q1,10.891,0.982695,0.2801,,,,,1.9674,1.0326,0.476854,,,,,,
noise_12_Run2_1_absolute.csv,noise,15523,119.951,31.463057,0.412129,0.154698,0.085361,0.0,0.135102,44.8406,6.807,172.649,0.750263,0.0888,40,37.238124,96.755252,2.5983,0.6111,2.9743,210.2686,105.1343,,,87.04,3.04,43.73,,87.04,-4.26,49.12,,87.04,-0.61,53.26,,87.04,1.83,51.04,,0.0,q1,10.886,0.982708,0.2591,,,,,2.9743,0.0257,0.445637,,,,,,
noise_12_Run3_1_absolute.csv,noise,19390,119.9587,48.234578,0.247307,0.068894,0.164395,0.0,0.053822,30.4849,5.1862,164.7267,0.742187,0.0402,19,41.481106,100.804547,2.4301,0.1909,2.5196,232.8004,116.4002,,,96.47,2.13,36.86,,61.78,0.91,33.35,,61.78,-0.3,32.53,,61.78,-2.74,30.82,,34.69,q1,10.887,0.982706,0.2699,,,,,2.5196,0.4804,0.475148,,,,,,
noise_13_Run1_1_absolute.csv,noise,22257,120.0072,43.824301,0.240647,0.038122,0.218188,0.0,0.013773,32.7063,4.8357,162.2656,0.746152,0.0358,19,43.19321,106.433636,2.4641,-0.0278,2.2093,239.8347,119.9173,,,103.47,4.87,45.38,,103.47,-1.22,51.43,,103.47,-2.43,52.92,,103.47,-1.22,49.52,,0.0,q1,10.891,0.982693,0.285,,,,,2.2093,0.7907,0.507873,,,,,,
noise_13_Run2_1_absolute.csv,noise,14889,120.0215,44.618591,0.244782,0.124774,0.117258,0.0,0.211334,29.8725,4.7246,162.6601,0.737173,0.029,17,38.910251,111.078638,2.8547,0.3783,1.1797,239.5057,119.6857,,,49.6,0.91,38.5,,49.6,0.91,38.5,,49.6,-1.52,37.86,,49.6,-0.3,38.19,,0.0,q1,10.893,0.982688,0.2975,,,,,1.1797,1.8203,0.502536,,,,,,
noise_13_Run3_1_absolute.csv,noise,18971,120.0253,47.568604,0.02392,0.210224,0.015531,0.0,54.334995,21.215,4.1883,157.3519,0.731803,0.0203,16,39.601555,119.096823,3.0074,0.022,1.0173,239.9452,119.9199,,,41.08,2.13,39.61,,41.08,-0.3,39.52,,41.08,-2.74,39.43,,41.08,0.91,39.57,,0.0,q1,10.893,0.982687,0.3189,,,,,1.0173,1.9827,0.51999,,,,,,
noise_14_Run1_1_absolute.csv,noise,18200,119.9451,36.171889,0.428297,0.027003,0.155613,0.0,0.003511,45.649,5.4484,168.1647,0.735368,0.0476,24,38.826739,102.352545,2.6361,0.4756,2.2255,228.7363,114.3407,,,95.25,-1.52,51.75,,95.25,-1.52,55.35,,95.25,4.56,44.73,,95.25,-1.52,47.89,,0.0,q1,10.886,0.98271,0.2741,,,,,2.2255,0.7745,0.47252,,,,,,
noise_14_Run2_1_absolute.csv,noise,16904,120.0308,43.094678,0.261737,0.066093,0.215606,0.0,0.037987,34.5486,4.634,162.5945,0.736703,0.0328,21,42.522039,106.792124,2.5115,0.0254,2.1427,240.0024,119.9716,,,108.34,-2.43,42.34,,49.91,1.22,38.51,,108.34,2.43,41.24,,108.34,-1.22,44.84,,58.43,q1,10.893,0.982686,0.286,,,,,2.1427,0.8573,0.501307,,,,,,
noise_14_Run3_1_absolute.csv,noise,19907,120.0583,38.782412,0.336866,0.108024,0.13289,0.0,0.088984,37.7899,5.1384,164.5206,0.74312,0.0392,22,38.944344,109.232218,2.8048,0.4099,1.3841,238.4588,119.2043,,,46.26,-2.43,38.57,,46.26,3.65,39.61,,111.99,0.0,43.65,,111.99,-1.22,45.63,,65.73,q3,10.896,0.982678,0.2925,,,,,1.3841,1.6159,0.495158,,,,,,
noise_1_Run1_1_absolute.csv,noise,20924,120.0057,23.754616,0.667675,0.306716,0.070282,0.0,0.208716,73.8109,7.5824,190.2013,0.762164,0.0946,38,28.8314,66.65263,2.3118,-1.8792,4.5316,174.6798,87.316,,,64.21,-5.78,35.25,,64.21,-2.13,32.6,,64.21,5.17,26.5,,64.21,2.74,28.68,,0.0,q1,10.891,0.982693,0.1785,,,,,4.5316,1.5316,0.342107,,,,,,
noise_1_Run2_1_absolute.csv,noise,24786,119.9871,1.100227,0.772141,0.579499,0.303255,0.0,0.487993,101.1921,12.4476,200.9183,0.798768,0.2799,1691,8.924785,80.084878,8.9733,8.1381,75.9364,19.043,9.5215,,,77.6,-0.3,9.74,,1.52,-1.52,1.52,,77.6,-0.3,9.74,,77.6,2.13,16.74,,76.08,q1,10.89,0.982698,0.2145,,,,,75.9364,72.9364,0.226243,,,,,,
noise_1_Run3_1_absolute.csv,noise,25504,119.9812,18.118758,0.809483,0.449116,0.168369,0.0,0.295059,94.0912,8.2032,194.4394,0.763025,0.1233,56,27.577383,147.181685,5.337,2.0405,5.3222,164.9153,82.4577,,,77.6,2.13,16.74,,1.52,-1.52,1.52,,1.52,-1.52,1.52,,77.6,0.91,13.69,,76.08,q1,10.889,0.9827,0.3941,,,,,5.3222,2.3222,0.318291,,,,,,
noise_2_Run1_1_absolute.csv,noise,20416,120.0039,14.136603,0.779098,0.510453,0.268476,0.0,0.383703,96.9348,9.2209,206.4834,0.75842,0.1387,101,23.734064,86.995319,3.6654,2.6545,8.143,133.8166,66.9083,,,69.39,-1.22,24.56,,69.39,1.22,27.36,,69.39,-0.0,25.99,,69.39,-0.0,25.99,,0.0,q1,10.891,0.982693,0.233,,,,,8.143,5.143,0.255285,,,,,,
noise_2_Run2_1_absolute.csv,noise,19009,120.0484,30.370322,0.667951,0.156433,0.084261,0.0,0.05399,69.118,5.8263,177.6,0.758785,0.0495,24,34.6348,58.682211,1.6943,1.1041,2.219,228.1551,114.0512,,,61.17,-2.13,31.72,,61.17,3.96,35.63,,61.17,2.74,34.88,,61.17,-4.56,30.02,,0.0,q1,10.895,0.982681,0.1571,,,,,2.219,0.781,0.404574,,,,,,
noise_2_Run3_1_absolute.csv,noise,18757,120.0085,45.668568,0.086705,0.266639,0.065202,0.0,6.040979,28.7864,3.9619,158.1526,0.74076,0.0189,5,39.561939,39.631603,1.0018,0.0035,1.0,240.0171,120.0085,,,46.87,0.61,39.0,,46.87,0.61,39.0,,46.87,-0.61,38.77,,46.87,-0.61,38.77,,0.0,q1,10.892,0.982692,0.1061,,,,,1.0,2.0,0.519939,,,,,,
noise_3_Run1_1_absolute.csv,noise,30859,120.0298,37.059807,0.300656,0.120622,0.08637,0.0,0.148688,33.5266,5.4544,164.461,0.754875,0.038,17,37.731144,51.457907,1.3638,-0.6306,1.3976,210.4086,105.1881,,,44.74,-2.74,38.86,,44.74,-0.3,39.18,,44.74,0.91,39.34,,44.74,2.13,39.5,,0.0,q1,10.893,0.982686,0.1378,,,,,1.3976,1.6024,0.537335,,,,,,
noise_3_Run2_1_absolute.csv,noise,21472,120.0168,33.393197,0.504832,0.116378,0.066627,0.0,0.052233,52.2339,6.2044,174.3539,0.747529,0.0681,30,34.965028,100.113675,2.8633,1.0569,2.1365,219.3554,109.6777,,,67.56,3.04,30.85,,67.56,3.04,30.85,,67.56,-10.35,14.21,,67.56,4.26,31.94,,0.0,q1,10.892,0.98269,0.2681,,,,,2.1365,0.8635,0.437385,,,,,,
noise_3_Run3_1_absolute.csv,noise,28721,119.9819,36.542504,0.324414,0.108447,0.08276,0.0,0.10492,35.193,5.9043,166.5936,0.74737,0.0482,23,36.776125,54.145158,1.4723,-0.7931,1.629,212.8408,106.403,,,39.56,-1.83,39.56,,39.56,-0.61,39.56,,39.56,1.83,39.56,,39.56,0.61,39.56,,0.0,q1,10.889,0.9827,0.145,,,,,1.629,1.371,0.50736,,,,,,
noise_4_Run1_1_absolute.csv,noise,25554,119.9812,41.959866,0.370704,0.066635,0.126906,0.0,0.028922,39.745,5.0859,166.4385,0.747619,0.0351,18,37.77503,130.668855,3.4591,0.6281,1.4276,235.8144,117.868,,,53.87,-2.13,36.05,,53.87,5.17,38.84,,53.87,0.3,37.0,,53.87,-3.35,35.56,,0.0,q1,10.889,0.9827,0.3499,,,,,1.4276,1.5724,0.481798,,,,,,
noise_4_Run2_1_absolute.csv,noise,18261,119.9825,42.94715,0.27289,0.129397,0.141401,0.0,0.177249,33.3477,4.8254,163.1892,0.737889,0.0305,19,38.564381,48.390386,1.2548,0.4579,1.2096,239.0888,119.5444,,,46.56,-0.91,38.77,,46.56,-2.13,38.55,,46.56,1.52,39.21,,46.56,1.52,39.21,,0.0,q1,10.889,0.982699,0.1296,,,,,1.2096,1.7904,0.496745,,,,,,
noise_4_Run3_1_absolute.csv,noise,19664,119.9654,48.074982,0.147527,0.23067,0.093165,0.0,1.747754,28.9228,4.126,158.6447,0.727497,0.021,15,39.28185,44.261798,1.1268,0.2393,1.0573,239.9308,119.9654,,,49.6,-1.52,37.86,,49.6,-0.3,38.19,,49.6,2.13,38.82,,49.6,-0.3,38.19,,0.0,q1,10.888,0.982704,0.1185,,,,,1.0573,1.9427,0.51325,,,,,,
noise_5_Run1_1_absolute.csv,noise,19686,119.9837,26.492739,0.549975,0.260285,0.051805,0.0,0.222012,61.0659,6.8855,176.6549,0.744116,0.0969,43,32.778801,93.284005,2.8459,1.1405,3.7889,188.0016,93.9754,,,64.82,-3.35,27.53,,64.82,1.52,31.69,,64.82,1.52,31.69,,93.43,0.3,41.39,,28.61,q4,10.889,0.982699,0.2498,,,,,3.7889,0.7889,0.392127,,,,,,
noise_5_Run2_1_absolute.csv,noise,34857,120.0333,28.071309,0.478324,0.093726,0.055249,0.0,0.037889,49.0542,7.0692,168.3908,0.755842,0.1235,34,33.200868,96.570914,2.9087,1.263,2.8601,193.3041,96.652,,,65.43,-1.52,28.59,,65.43,0.91,30.71,,65.43,-1.52,28.59,,65.43,2.13,31.72,,0.0,q1,10.894,0.982685,0.2586,,,,,2.8601,0.1399,0.441112,,,,,,
noise_5_Run3_1_absolute.csv,noise,16232,120.0099,39.528587,0.274725,0.081352,0.069317,0.0,0.08244,29.4783,5.6721,162.306,0.743561,0.0558,20,37.620915,51.802042,1.3769,0.6507,1.4234,230.1626,115.0813,,,52.65,-0.91,37.01,,52.65,-2.13,36.58,,52.65,1.52,37.86,,52.65,1.52,37.86,,0.0,q1,10.892,0.982692,0.1387,,,,,1.4234,1.5766,0.490931,,,,,,
noise_6_Run1_1_absolute.csv,noise,20366,120.0039,16.055896,0.570223,0.389977,0.113138,0.0,0.450007,70.0027,8.6056,192.3083,0.761074,0.1347,66,25.985085,87.721732,3.3758,-2.039,6.9195,136.502,4.6646,,,76.69,-1.22,16.65,,76.69,-1.22,16.65,,76.69,1.22,9.81,,76.69,1.22,9.81,,0.0,q1,10.891,0.982693,0.2349,,,,,6.9195,3.9195,0.323931,,,,,,
noise_6_Run2_1_absolute.csv,noise,15201,119.9921,29.211631,0.566629,0.240335,0.013452,0.0,0.179801,61.5639,6.3704,181.1635,0.744364,0.0792,35,32.728215,95.874282,2.9294,-1.3219,3.0293,207.4863,103.7432,,,68.47,-3.96,30.95,,68.47,4.56,21.57,,68.47,-1.52,28.59,,68.47,0.91,26.01,,0.0,q1,10.89,0.982697,0.2567,,,,,3.0293,0.0293,0.382725,,,,,,
noise_6_Run3_1_absolute.csv,noise,14344,119.9805,8.311516,0.728365,0.447469,0.25953,0.0,0.334902,89.3364,9.6882,204.9601,0.764344,0.194,264,20.615356,84.893918,4.118,3.2614,11.7576,98.1595,49.0798,,,68.78,3.04,29.82,,68.78,-1.83,24.6,,68.78,-0.61,26.0,,68.78,-0.61,26.0,,0.0,q1,10.889,0.9827,0.2273,,,,,11.7576,8.7576,0.274944,,,,,,
noise_7_Run1_1_absolute.csv,noise,23574,120.0051,15.879707,0.735952,0.458075,0.184133,0.0,0.36459,88.6207,8.5054,202.5845,0.756658,0.1153,59,25.602997,88.193019,3.4446,-2.2759,6.7558,143.9298,71.9437,,,67.56,3.04,24.72,,67.56,-1.83,29.72,,67.56,1.83,26.06,,67.56,-3.04,30.85,,0.0,q1,10.891,0.982693,0.2362,,,,,6.7558,3.7558,0.299608,,,,,,
noise_7_Run2_1_absolute.csv,noise,17253,120.0371,27.967479,0.621874,0.230149,0.029734,0.0,0.136653,66.3762,6.6696,182.1613,0.741818,0.0784,31,32.233961,62.499384,1.9389,-1.4232,3.0254,200.6608,100.2724,,,57.52,0.91,34.78,,57.52,2.13,34.15,,57.52,-1.52,36.02,,57.52,-1.52,36.02,,0.0,q1,10.894,0.982684,0.1674,,,,,3.0254,0.0254,0.395456,,,,,,
noise_7_Run3_1_absolute.csv,noise,12979,120.0401,33.263994,0.535167,0.150996,0.082199,0.0,0.077772,56.2103,5.5543,177.5968,0.74173,0.0512,24,34.84032,58.305103,1.6735,-1.0759,2.1577,225.7493,112.7976,,,65.73,-3.65,32.73,,65.73,1.22,28.57,,65.73,1.22,28.57,,65.73,1.22,28.57,,0.0,q1,10.894,0.982683,0.1561,,,,,2.1577,0.8423,0.417816,,,,,,
noise_8_Run1_1_absolute.csv,noise,24257,120.0066,19.488679,0.114453,0.602401,0.032466,0.0,25.639322,61.4036,8.7457,206.9939,0.768612,0.0848,56,28.359179,81.994475,2.8913,-0.4832,7.607,115.9253,36.5668,,,75.17,0.3,16.6,,83.08,2.74,26.08,,75.17,-2.13,21.19,,75.17,-0.91,19.04,,7.91,q2,10.891,0.982693,0.2196,,,,,7.607,4.607,0.264138,,,,,,
noise_8_Run2_1_absolute.csv,noise,13758,120.0029,10.846343,0.096643,0.532272,0.049759,0.0,23.977525,54.3258,9.8991,201.1872,0.759272,0.1234,237,23.421608,159.507497,6.8103,-0.4522,14.0574,68.76,23.8407,,,0.0,0.0,0.0,,0.0,0.0,0.0,,0.0,0.0,0.0,,0.0,0.0,0.0,,0.0,q1,10.891,0.982694,0.4271,,,,,14.0574,11.0574,0.317303,,,,,,
noise_8_run3_1_absolute.csv,noise,16696,120.0287,49.399304,0.081179,0.290921,0.068157,0.0,7.532964,30.963,3.5431,157.7136,0.73009,0.019,10,39.528786,41.182772,1.0418,0.082,1.0067,239.9976,119.9689,,,43.52,0.3,39.33,,43.52,-0.91,39.46,,43.52,0.3,39.33,,43.52,0.3,39.33,,0.0,q1,10.893,0.982686,0.1103,,,,,1.0067,1.9933,0.519169,,,,,,
noise_Run1_absolute.csv,noise,21306,120.0131,42.797265,0.086435,0.296044,0.069323,0.0,7.138945,31.6099,3.6691,157.7424,0.73402,0.0194,9,39.535616,41.006628,1.0372,-0.0731,1.0053,239.9324,119.9662,,,41.39,1.22,39.46,,41.39,0.0,39.52,,41.39,0.0,39.52,,41.39,-1.22,39.58,,0.0,q1,10.892,0.982691,0.1098,,,,,1.0053,1.9947,0.51947,,,,,,
noise_Run2_absolute.csv,noise,15144,119.9815,49.218492,0.101917,0.276682,0.081524,0.0,4.494311,30.5918,3.5363,157.8885,0.721219,0.0192,10,39.474266,42.195287,1.0689,-0.1334,1.0178,239.963,119.9815,,,40.17,1.22,39.58,,40.17,-1.22,39.54,,40.17,0.0,39.56,,40.17,0.0,39.56,,0.0,q1,10.889,0.9827,0.113,,,,,1.0178,1.9822,0.517902,,,,,,
noise_Run3_absolute.csv,noise,26353,119.9863,48.709695,0.138782,0.258255,0.103733,0.0,2.221642,31.0993,3.7134,158.5244,0.72328,0.0197,6,39.313513,43.989137,1.1189,-0.2252,1.0507,239.9347,119.9484,,,46.87,1.83,38.54,,46.87,-0.61,39.0,,46.87,-0.61,39.0,,46.87,-0.61,39.0,,0.0,q1,10.89,0.982698,0.1178,,,,,1.0507,1.9493,0.514026,,,,,,
Ramp-10_absolute.csv,ramp,10794,10.0056,183.635846,0.0107,0.09928,0.009347,0.029654,53.185948,10.4584,1.6857,14.8612,0.547754,39.1699,4,132.746066,271.084364,2.0421,0.0288,1.7846,20.0111,9.9129,,,205.11,16.43,143.3,,205.11,35.91,134.65,,205.11,-90.69,124.7,,205.11,38.34,129.41,,0.0,q1,0.918,0.999877,0.7135,,,,,,,,1.0,1.0,0.0,,,
Ramp-11_absolute.csv,ramp,8534,9.9602,169.972091,0.00597,0.108189,0.005756,0.029324,182.699263,11.2399,1.6466,14.6751,0.483837,39.5705,3,132.591314,278.445274,2.1,-0.0025,1.7721,19.9203,9.9602,,,263.24,-57.52,113.58,,211.5,90.99,137.46,,290.63,4.56,153.8,,211.5,-38.04,131.48,,79.12,q3,0.914,0.999878,0.7328,,,,,,,,1.0,1.0,0.0,,,
Ramp-12_absolute.csv,ramp,9267,10.0356,171.258782,0.008753,0.106525,0.007403,0.028052,92.332692,11.0751,1.6614,14.6714,0.523753,39.8504,3,132.736969,272.677681,2.0543,0.0186,1.7804,19.9633,9.9277,,,199.03,45.65,116.57,,278.15,-18.87,150.99,,278.15,-83.38,136.82,,196.59,56.6,112.24,,81.56,q2,0.921,0.999876,0.7177,,,,,,,,1.0,1.0,0.0,,,
Ramp-13_absolute.csv,ramp,9546,9.9518,160.279246,0.011587,0.112603,0.011623,0.043023,53.945481,12.1654,1.7238,15.274,0.528335,36.6762,3,133.474764,262.909506,1.9697,-0.0264,1.8517,20.0084,10.0566,,,245.59,60.56,107.79,,229.16,-67.26,145.51,,229.16,-49.0,150.11,,166.46,55.69,105.61,,79.12,q1,0.914,0.999878,0.692,,,,,,,,1.0,1.0,0.0,,,
Ramp-14_absolute.csv,ramp,9513,9.9863,182.211789,0.016212,0.095036,0.012586,0.031304,23.767147,10.2142,1.6802,15.0617,0.496558,38.8601,4,133.000066,265.817715,1.9986,-0.0407,1.8231,19.9727,9.9863,,,259.59,-0.91,148.66,,259.59,58.73,123.35,,215.16,-81.25,124.29,,259.59,23.43,141.77,,44.43,q1,0.917,0.999877,0.6996,,,,,,,,1.0,1.0,0.0,,,
Ramp-15_absolute.csv,ramp,11696,10.0034,185.163689,0.003419,0.111098,0.005337,0.040075,347.194212,11.8275,1.7972,15.3736,0.581889,36.1398,2,134.47512,295.822016,2.1998,-0.0064,1.8918,20.0068,10.0034,,,202.37,-64.82,111.11,,272.37,61.78,146.29,,272.37,56.91,152.87,,202.37,-53.87,108.02,,69.99,q2,0.918,0.999877,0.7786,,,,,,,,1.0,1.0,0.0,,,
Ramp-1_absolute.csv,ramp,10918,9.9835,182.557363,0.002776,0.101259,0.00653,0.045652,245.058738,11.1301,1.7719,15.5791,0.536508,34.8127,4,135.374957,244.314133,1.8047,0.0003,1.9162,19.967,9.9835,,,218.2,-62.39,112.05,,256.54,84.91,141.54,,256.54,21.61,154.8,,218.2,-44.13,117.2,,38.34,q2,0.916,0.999877,0.643,,,,,,,,1.0,1.0,0.0,,,
Ramp-2_absolute.csv,ramp,11104,9.9964,183.840271,0.004763,0.101992,0.003239,0.030884,342.241654,10.6721,1.7172,14.8257,0.581338,38.8786,3,133.190744,276.947754,2.0793,0.0002,1.8042,19.9928,9.9964,,,175.9,-56.6,108.18,,219.72,49.3,148.74,,219.72,62.69,145.5,,175.9,-55.39,102.02,,43.82,q2,0.918,0.999877,0.7289,,,,,,,,1.0,1.0,0.0,,,
Ramp-3_absolute.csv,ramp,10979,10.0191,180.1867,0.004671,0.102041,0.008706,0.041123,123.992436,11.0458,1.7756,15.2486,0.572016,36.5338,3,134.79712,254.711227,1.8896,0.0103,1.896,20.0383,9.928,,,244.37,-19.78,150.32,,244.37,72.73,124.16,,230.37,-69.69,128.1,,244.37,16.74,151.38,,14.0,q1,0.92,0.999876,0.6704,,,,,,,,1.0,1.0,0.0,,,
Ramp-4_absolute.csv,ramp,10323,9.9777,178.710011,0.009875,0.102978,0.008771,0.034572,67.642487,10.9427,1.7205,15.1112,0.530505,37.9216,4,133.845353,279.819809,2.0906,-0.0207,1.824,19.9554,10.0746,,,188.38,50.82,105.41,,286.37,-58.73,147.16,,207.24,-53.87,144.86,,188.38,61.78,110.7,,97.99,q2,0.916,0.999877,0.7365,,,,,,,,1.0,1.0,0.0,,,
Ramp-5_absolute.csv,ramp,12175,10.0205,179.916863,0.001483,0.114933,0.002873,0.042181,1433.819191,12.2471,1.7389,15.5466,0.528234,35.142,3,135.702993,238.938234,1.7607,0.0003,1.9191,19.9589,9.9384,,,208.77,49.3,122.66,,265.98,-16.43,151.81,,265.98,-87.04,139.9,,208.77,54.17,108.99,,57.21,q2,0.92,0.999876,0.6289,,,,,,,,1.0,1.0,0.0,,,
Ramp-6_absolute.csv,ramp,12444,9.9646,164.409252,0.002827,0.120722,0.00625,0.049213,361.189439,13.0548,1.7655,15.5723,0.535367,34.9385,4,134.800739,245.478968,1.8211,-0.0035,1.9149,20.0096,10.045,,,246.81,6.39,149.1,,246.81,-65.43,126.41,,227.94,76.99,122.97,,246.81,-17.96,150.64,,18.87,q1,0.915,0.999878,0.6461,,,,,,,,1.0,1.0,0.0,,,
Ramp-7_absolute.csv,ramp,14787,10.0088,184.037646,0.002525,0.101222,0.005774,0.039211,296.682711,10.8735,1.7861,15.5005,0.529536,35.291,4,135.982176,315.110113,2.3173,-0.0008,1.9387,19.95,10.0088,,,238.59,-58.43,105.91,,236.15,76.69,138.11,,238.59,30.43,151.16,,238.59,-48.69,113.7,,2.43,q1,0.919,0.999876,0.8293,,,,,,,,1.0,1.0,0.0,,,
Ramp-8_absolute.csv,ramp,12624,9.981,178.492662,0.007175,0.110193,0.009164,0.041048,102.076753,11.8165,1.7784,15.3872,0.572949,35.984,3,134.270937,261.114216,1.9447,0.0121,1.8692,19.962,9.981,,,214.55,-35.0,130.63,,214.55,-4.56,144.16,,214.55,91.6,133.55,,181.07,-52.04,116.64,,33.48,q1,0.916,0.999877,0.6872,,,,,,,,1.0,1.0,0.0,,,
Ramp-9_absolute.csv,ramp,10696,10.0037,185.683164,0.002783,0.113188,0.005163,0.04425,429.333892,12.1672,1.7886,15.5972,0.541721,34.8443,4,135.55753,242.365335,1.7879,0.0017,1.9319,20.0075,10.0037,,,231.59,56.3,105.65,,243.15,-80.04,142.31,,243.15,-30.13,152.44,,231.59,53.87,119.47,,11.56,q2,0.918,0.999877,0.6379,,,,,,,,1.0,1.0,0.0,,,
Ramp-trail2_10_absolute.csv,ramp,11580,3.0225,19.499021,0.086323,0.128095,0.360707,0.203802,0.42122,44.2159,6.9761,27.9027,0.578956,276.2239,61,145.451097,290.113813,1.9946,-0.0331,1.8891,2.5043,1.3817,,,158.25,97.38,102.93,,79.12,24.35,43.89,,79.12,-41.39,57.23,,158.25,-80.34,80.93,,79.12,q4,0.277,0.999989,0.7635,,,,,,,,1.0,1.0,0.0,,,
Ramp-trail2_11_absolute.csv,ramp,13698,2.9931,22.393086,0.07181,0.125008,0.372705,0.093887,0.169657,41.0496,6.7687,23.9603,0.561961,385.6882,45,146.366873,304.151295,2.078,0.0027,1.8616,2.0441,1.2411,,,129.95,99.51,106.7,,50.82,38.65,48.05,,107.43,-30.74,33.64,,107.43,-107.43,107.43,,79.12,q1,0.275,0.999989,0.8004,,,,,,,,1.0,1.0,0.0,,,
Ramp-trail2_12_absolute.csv,ramp,12712,2.9893,22.696854,0.049288,0.166859,0.389613,0.090032,0.233082,43.6091,6.5941,23.6136,0.558675,386.7544,43,145.650986,242.021324,1.6617,-0.0114,1.8685,2.2026,1.3373,,,158.25,88.86,92.59,,79.12,32.87,51.0,,79.12,-28.0,47.07,,158.25,-93.73,98.63,,79.12,q1,0.274,0.999989,0.6369,,,,,,,,1.0,1.0,0.0,,,
Ramp-trail2_13_absolute.csv,ramp,12999,3.0002,22.904945,0.042289,0.232071,0.60519,0.111198,0.17993,65.8988,6.2863,24.3512,0.589953,463.8112,38,146.547779,302.032749,2.061,0.0396,1.8586,2.3079,1.1539,,,108.03,-97.08,100.85,,28.91,-28.91,28.91,,50.21,33.17,46.46,,129.34,92.82,100.85,,100.43,q4,0.275,0.999989,0.7948,,,,,,,,1.0,1.0,0.0,,,
Ramp-trail2_14_absolute.csv,ramp,13706,2.9914,21.890182,0.075849,0.156757,0.589979,0.064333,0.081146,61.8498,6.7753,25.4342,0.576785,364.6878,53,147.421947,302.588268,2.0525,0.0372,1.8344,2.2618,1.3133,,,85.21,-20.69,37.02,,73.04,47.47,60.19,,73.04,12.17,35.49,,85.21,-38.95,55.12,,12.17,q1,0.275,0.999989,0.7963,,,,,,,,1.0,1.0,0.0,,,
Ramp-trail2_15_absolute.csv,ramp,11662,3.0012,22.425533,0.087929,0.159858,0.728628,0.072163,0.057112,75.4581,6.3526,24.4862,0.580167,354.4076,37,147.105438,253.518988,1.7234,-0.0338,1.8301,1.9722,1.1147,,,78.82,-20.39,40.31,,78.82,-55.69,66.31,,0.3,0.3,0.3,,79.43,75.78,77.57,,79.12,q4,0.276,0.999989,0.6672,,,,,,,,1.0,1.0,0.0,,,
Ramp-trail2_1_absolute.csv,ramp,9810,2.9562,19.488702,0.068613,0.144965,0.625568,0.086395,0.071909,65.1554,6.7394,27.037,0.574964,379.4521,56,148.13177,302.534124,2.0423,-0.0425,1.8369,1.9368,1.3252,,,49.3,-27.39,44.76,,29.82,29.82,29.82,,29.82,29.82,29.82,,49.3,-32.26,45.81,,19.48,q1,0.271,0.999989,0.7962,,,,,,,,1.0,1.0,0.0,,,
Ramp-trail2_2_absolute.csv,ramp,13916,3.0181,20.440904,0.082861,0.076796,0.577333,0.198439,0.133093,62.085,6.9628,25.9357,0.572238,422.2346,56,146.682035,286.929327,1.9561,-0.0043,1.8816,2.0121,1.2216,,,93.12,-93.12,93.12,,93.12,-23.74,35.2,,65.12,24.95,46.77,,144.25,91.91,99.24,,79.12,q4,0.277,0.999989,0.7551,,,,,,,,1.0,1.0,0.0,,,
Ramp-trail2_3_absolute.csv,ramp,13499,2.9632,17.847802,0.060325,0.09524,0.307232,0.140988,0.295298,35.634,7.332,27.0574,0.571697,270.8445,80,146.679585,291.355774,1.9863,0.029,1.8821,2.2965,1.5557,,,112.6,-69.99,80.34,,45.65,-3.04,38.61,,45.65,45.65,45.65,,45.65,27.39,43.15,,66.95,q1,0.272,0.999989,0.7667,,,,,,,,1.0,1.0,0.0,,,
Ramp-trail2_4_absolute.csv,ramp,13368,2.9922,21.637614,0.047729,0.121112,0.401806,0.127802,0.18935,44.1279,7.0096,25.6356,0.566605,226.7221,57,147.597067,285.071836,1.9314,0.0712,1.8574,2.0946,1.2717,,,114.12,-100.73,105.01,,44.13,-28.91,35.78,,44.13,44.13,44.13,,123.25,85.51,94.21,,79.12,q4,0.275,0.999989,0.7502,,,,,,,,1.0,1.0,0.0,,,
Ramp-trail2_5_absolute.csv,ramp,9215,3.0385,19.87525,0.085688,0.081591,0.596004,0.099034,0.045412,61.5652,6.5796,26.3712,0.580488,166.8841,54,147.510455,291.113813,1.9735,-0.0114,1.8421,2.3874,1.4107,,,56.91,55.69,56.54,,22.22,-22.22,22.22,,101.34,-33.17,42.98,,56.91,-0.3,35.41,,79.12,q3,0.279,0.999989,0.7661,,,,,,,,1.0,1.0,0.0,,,
Ramp-trail2_6_absolute.csv,ramp,11294,3.0104,22.961311,0.052506,0.2037,0.525136,0.088078,0.176829,57.2517,6.4483,24.2194,0.572629,205.7224,45,147.516746,249.309666,1.69,0.0526,1.8404,2.125,1.2396,,,86.43,-52.34,65.38,,71.82,13.39,37.26,,71.82,46.26,59.24,,7.3,-7.3,7.3,,79.12,q1,0.276,0.999989,0.6561,,,,,,,,1.0,1.0,0.0,,,
Ramp-trail2_7_absolute.csv,ramp,9864,3.0414,20.46465,0.037773,0.232636,0.216328,0.092251,1.298708,33.2948,6.3739,24.5214,0.567874,432.8109,52,148.311422,309.011227,2.0835,0.0052,1.8817,2.4331,1.5207,,,56.6,24.95,46.1,,101.64,-34.69,44.93,,22.52,-22.52,22.52,,56.6,32.26,48.73,,79.12,q2,0.279,0.999989,0.8132,,,,,,,,1.0,1.0,0.0,,,
Ramp-trail2_8_absolute.csv,ramp,11452,2.9689,20.536473,0.049475,0.185965,0.283058,0.155242,0.71071,37.5836,6.7331,25.2503,0.572028,260.338,49,146.452072,295.305145,2.0164,0.0248,1.8863,2.183,1.2225,,,165.55,-94.95,98.07,,86.43,-31.65,48.33,,71.82,32.87,51.43,,150.94,93.73,100.2,,93.73,q1,0.273,0.999989,0.7771,,,,,,,,1.0,1.0,0.0,,,
Ramp-trail2_9_absolute.csv,ramp,12088,2.9782,20.074953,0.058064,0.13562,0.310085,0.216304,0.654919,40.5838,7.0196,27.4836,0.574271,123.1274,66,147.461378,284.506662,1.9294,0.0087,1.8732,2.1509,1.3236,,,97.69,75.78,83.64,,60.56,10.04,26.5,,60.56,-60.56,60.56,,60.56,-25.26,46.74,,37.13,q1,0.273,0.999989,0.7487,,,,,,,,1.0,1.0,0.0,,,
ramp-100Hz-10_absolute.csv,ramp,8743,99.9657,210.968944,0.042522,0.202524,0.022783,0.02758,17.951393,21.0009,1.7315,110.2079,0.445395,1.4924,2,163.048822,291.62628,1.7886,-0.1064,1.9905,199.9314,99.9657,,,237.37,-7.3,150.13,,237.37,7.3,150.13,,237.37,-7.3,150.13,,237.37,7.3,150.13,,0.0,q1,9.104,0.987895,0.7768,,,,,,,,0.647,0.6477,0.0047,,,
ramp-100Hz-1_absolute.csv,ramp,9012,99.9778,222.531958,0.056315,0.222554,0.024738,0.020757,13.205644,23.1829,1.7444,111.9036,0.509863,2.0671,3,166.383782,288.145308,1.7318,0.1054,2.0499,199.9556,99.9778,,,300.37,4.56,166.19,,300.37,-7.61,167.95,,300.37,10.65,169.34,,300.37,-7.61,167.95,,0.0,q1,9.105,0.987892,0.7676,,,,,,,,0.6495,0.6694,0.0403,,,
ramp-100Hz-2_absolute.csv,ramp,9906,100.0404,209.69138,0.077798,0.167782,0.035805,0.0,3.838103,18.8376,1.6362,107.2823,0.514413,0.6484,3,167.890178,291.902029,1.7386,-0.0856,1.9015,199.9798,99.9394,,,277.24,-11.26,172.29,,277.24,10.65,170.64,,277.24,-10.04,170.6,,277.24,10.65,170.64,,0.0,q1,9.111,0.987877,0.7776,,,,,,,,0.6612,0.6627,0.0026,,,
ramp-100Hz-3_absolute.csv,ramp,11996,100.0333,204.663906,0.009904,0.239853,0.009078,0.0,318.722697,24.0229,1.628,111.9333,0.303285,0.621,2,164.371807,289.676687,1.7623,-0.0351,2.018,199.9833,99.95,,,245.28,-6.7,164.65,,245.28,6.7,163.12,,245.28,-6.7,164.65,,245.28,6.7,163.12,,0.0,q1,9.11,0.987879,0.7717,,,,,,,,0.6497,0.6546,0.0139,,,
ramp-100Hz-4_absolute.csv,ramp,9181,99.9891,237.869129,0.030257,0.151415,0.033374,0.020599,11.506638,15.9312,1.5606,106.9579,0.408681,2.8891,2,171.311266,279.506046,1.6316,-0.0047,1.9305,199.9782,99.9891,,,285.76,11.26,168.1,,285.76,-10.65,170.38,,285.76,10.04,169.3,,285.76,-10.65,170.38,,0.0,q1,9.106,0.987889,0.7446,,,,,,,,0.6497,0.6498,0.0007,,,
ramp-100Hz-5_absolute.csv,ramp,9262,99.9784,221.556313,0.041989,0.218173,0.007858,0.039796,26.952072,22.5849,1.7157,111.8948,0.424073,2.1405,2,166.336618,282.6999,1.6996,-0.062,2.0469,200.0648,99.9784,,,297.32,0.91,168.72,,297.32,-6.39,172.42,,297.32,8.22,171.24,,297.32,-2.74,173.66,,0.0,q1,9.105,0.987892,0.7531,,,,,,,,0.6577,0.6507,0.017,,,
ramp-100Hz-6_absolute.csv,ramp,9746,100.041,209.277913,0.048724,0.202856,0.026114,0.0,13.465665,21.0253,1.7015,109.9751,0.469991,0.6325,2,167.538916,277.38003,1.6556,0.0111,1.9552,199.9795,99.9384,,,277.24,0.3,167.77,,277.24,0.3,166.62,,277.24,1.52,167.2,,277.24,-2.13,167.2,,0.0,q1,9.111,0.987877,0.7389,,,,,,,,0.6534,0.6541,0.0018,,,
ramp-100Hz-7_absolute.csv,ramp,9675,99.9483,194.61977,0.060369,0.168694,0.033304,0.064699,6.86724,19.3383,1.6872,109.5439,0.488828,0.9508,3,166.111984,283.300201,1.7055,-0.0277,1.9872,200.0,99.9483,,,276.63,-21.0,167.74,,277.24,-16.13,169.46,,277.24,14.3,170.65,,277.24,22.82,167.24,,0.61,q2,9.102,0.987899,0.7547,,,,,,,,0.658,0.6592,0.0024,,,
ramp-100Hz-8_absolute.csv,ramp,10376,100.0386,202.987263,0.008069,0.237078,0.012111,0.0,265.385394,23.7524,1.6495,111.3824,0.408915,0.6589,2,162.820795,280.273542,1.7214,-0.0185,2.1088,199.9807,100.0386,,,265.67,3.35,154.46,,265.67,-10.04,153.48,,265.67,11.87,150.67,,265.67,-5.17,151.32,,0.0,q1,9.111,0.987878,0.7466,,,,,,,,0.6482,0.6516,0.0125,,,
ramp-100Hz-9_absolute.csv,ramp,9996,100.04,211.759423,0.011199,0.18126,0.022702,0.0,51.270452,18.3019,1.7285,106.7116,0.478593,0.7042,2,257.821495,740.36624,2.8716,0.7664,3.1895,167.8671,100.04,,,284.85,9.74,170.55,,284.85,-9.74,170.32,,284.85,9.74,170.55,,284.85,-9.74,170.32,,0.0,q1,9.111,0.987877,1.9722,,,,,,,,0.6469,0.647,0.0008,,,
ramp-1Hz-10_absolute.csv,ramp,10694,2.9923,21.252476,0.030667,0.074613,0.089173,0.571273,37.326722,58.3792,6.4067,30.1339,0.618309,374.0994,40,159.774907,314.03899,1.9655,-0.0263,1.7771,2.1507,1.6832,,,157.94,101.95,108.11,,78.82,28.91,47.89,,79.43,-44.13,59.11,,158.55,-86.73,89.71,,79.73,q4,0.275,0.999989,0.8264,,,,,,,,1.0,1.0,0.0,,,
ramp-1Hz-1_absolute.csv,ramp,10081,2.9759,23.792412,0.024297,0.167446,0.181119,0.277757,3.149842,37.2266,6.2072,25.7747,0.588475,136.8128,37,163.756538,293.498413,1.7923,0.0254,1.8464,2.3807,1.2896,,,71.82,-32.87,51.43,,86.43,42.61,57.98,,86.43,28.0,44.64,,71.82,-37.74,54.4,,14.61,q2,0.273,0.999989,0.7724,,,,,,,,1.0,1.0,0.0,,,
ramp-1Hz-2_absolute.csv,ramp,9118,2.9612,23.640539,0.014759,0.234879,0.127388,0.395677,12.874573,47.7676,5.8463,25.4925,0.602408,145.9026,34,162.370637,284.804228,1.754,-0.0245,1.8679,2.4128,1.8644,,,154.6,85.21,89.09,,75.47,10.96,32.6,,82.78,-63.3,71.89,,82.78,-32.87,50.38,,79.12,q1,0.272,0.999989,0.7495,,,,,,,,1.0,1.0,0.0,,,
ramp-1Hz-3_absolute.csv,ramp,9470,2.9567,23.32464,0.029418,0.249406,0.085913,0.484533,36.012572,55.2469,6.0211,23.4772,0.574284,301.0225,38,163.287403,277.376322,1.6987,-0.0227,1.8794,2.0063,1.2672,,,108.34,108.34,108.34,,108.34,36.52,43.11,,49.91,-36.52,47.05,,129.03,-108.34,113.78,,79.12,q4,0.271,0.999989,0.7299,,,,,,,,1.0,1.0,0.0,,,
ramp-1Hz-4_absolute.csv,ramp,9002,2.9993,25.399428,0.047582,0.19931,0.143894,0.380734,8.040368,45.5689,6.0677,25.2251,0.590846,114.8645,41,164.115024,286.250463,1.7442,0.0029,1.8594,2.2217,1.333,,,93.43,93.43,93.43,,93.43,35.0,49.34,,64.82,-29.52,49.18,,143.94,-98.9,106.38,,79.12,q4,0.275,0.999989,0.7533,,,,,,,,1.0,1.0,0.0,,,
ramp-1Hz-5_absolute.csv,ramp,9266,3.0218,22.366486,0.025027,0.064025,0.192162,0.319997,2.835966,37.9539,6.5065,28.0252,0.584823,201.7169,37,161.412078,332.993229,2.063,-0.0137,1.8568,2.2664,1.0792,,,116.86,113.21,114.42,,37.74,37.74,37.74,,41.39,-37.74,41.23,,120.51,-113.21,115.5,,82.78,q4,0.277,0.999989,0.8763,,,,,,,,1.0,1.0,0.0,,,
ramp-1Hz-6_absolute.csv,ramp,9286,3.0153,25.02857,0.020936,0.145833,0.148345,0.206357,2.844814,29.376,5.8095,26.2572,0.601414,208.5656,36,164.879207,284.508469,1.7256,0.0311,1.848,2.3692,1.6153,,,120.51,-116.86,118.03,,41.39,-38.95,41.28,,116.86,38.95,40.15,,116.86,116.86,116.86,,79.12,q1,0.277,0.999989,0.7487,,,,,,,,1.0,1.0,0.0,,,
ramp-1Hz-7_absolute.csv,ramp,9766,2.9695,20.523248,0.023419,0.089535,0.074735,0.496275,41.46032,51.0332,6.4055,28.7251,0.594916,419.5327,43,158.582964,328.69714,2.0727,0.0408,1.8096,2.2527,0.9216,,,119.29,-110.77,113.46,,40.17,-38.95,40.15,,38.95,38.95,38.95,,118.08,110.77,113.12,,80.34,q1,0.273,0.999989,0.865,,,,,,,,1.0,1.0,0.0,,,
ramp-1Hz-8_absolute.csv,ramp,10134,2.9603,20.445983,0.041182,0.047732,0.181588,0.475053,6.574931,51.2469,6.2575,27.713,0.591428,158.8184,48,161.302112,303.651665,1.8825,0.017,1.8101,2.0722,1.1841,,,107.12,107.12,107.12,,107.12,35.3,42.08,,51.13,-36.52,47.71,,130.25,-105.9,112.02,,79.12,q4,0.272,0.999989,0.7991,,,,,,,,1.0,1.0,0.0,,,
ramp-1Hz-9_absolute.csv,ramp,9129,2.9576,21.695802,0.054447,0.074078,0.238802,0.250963,1.141344,35.8415,6.233,27.1814,0.59009,150.8308,50,161.245971,299.082811,1.8548,0.0336,1.8039,2.629,1.0954,,,91.6,91.6,91.6,,91.6,34.39,49.36,,66.65,-30.13,49.63,,145.77,-95.86,103.19,,79.12,q4,0.272,0.999989,0.7871,,,,,,,,1.0,1.0,0.0,,,
ramp-200Hz-10_absolute.csv,ramp,9946,199.9799,92.765925,0.494116,0.0,0.0,0.0,0.0,49.4116,2.3736,247.0788,0.539466,0.0024,2,79.266941,134.994486,1.703,-0.5804,2.2598,399.9598,199.9799,,,126.6,-0.0,80.69,,126.6,-0.0,80.69,,126.6,-0.0,80.69,,126.6,-0.0,80.69,,0.0,q1,17.799,0.954037,0.3724,,,,,,,,0.6672,0.6604,0.1036,,,
ramp-200Hz-1_absolute.csv,ramp,9524,200.021,100.440082,0.27039,0.0,0.0,0.0,0.0,27.039,2.0139,218.2005,0.536676,0.0029,2,78.238729,127.525387,1.63,-0.4044,2.1071,399.937,199.916,,,120.51,6.09,80.92,,120.51,6.09,80.92,,120.51,-2.43,72.32,,120.51,-9.74,64.04,,0.0,q1,17.802,0.954019,0.3518,,,,,,,,0.6765,0.7502,0.1762,,,
ramp-200Hz-2_absolute.csv,ramp,9337,199.9572,82.477456,0.675166,0.0,0.0,0.0,0.0,67.5166,2.3113,251.3416,0.488424,0.0014,2,77.663911,183.755287,2.366,0.4645,2.2153,399.9143,199.9572,,,156.42,5.48,64.92,,80.95,-1.83,50.08,,80.95,-1.83,50.08,,80.95,-1.83,50.08,,75.47,q1,17.797,0.954047,0.5069,,,,,,,,0.6511,0.6606,0.0211,,,
ramp-200Hz-3_absolute.csv,ramp,8982,199.9555,72.415632,0.545984,0.0,0.0,0.0,0.0,54.5984,2.121,242.4979,0.446733,0.0023,2,66.858544,123.715839,1.8504,0.6262,2.1954,400.0223,199.9555,,,110.77,0.0,63.3,,110.77,0.0,63.3,,110.77,0.0,63.3,,110.77,0.0,63.3,,0.0,q1,17.797,0.954047,0.3412,,,,,,,,0.9236,0.8101,0.2968,,,
ramp-200Hz-4_absolute.csv,ramp,8480,200.0,94.15525,0.491736,0.0,0.0,0.0,0.0,49.1736,2.6412,244.959,0.567607,0.005,2,78.461733,128.380358,1.6362,-0.2617,2.037,400.0,200.0,,,126.6,-0.0,80.69,,126.6,-0.0,80.69,,126.6,-0.0,80.69,,126.6,-0.0,80.69,,0.0,q1,17.801,0.954028,0.3541,,,,,,,,0.6621,0.6546,0.0835,,,
ramp-200Hz-5_absolute.csv,ramp,9413,200.0425,72.729811,0.526895,0.0,0.0,0.0,0.0,52.6895,2.3851,238.75,0.582134,0.0036,2,68.141484,126.246088,1.8527,-0.4062,2.1354,399.9788,199.2988,,,126.6,0.0,80.69,,126.6,0.0,80.69,,126.6,0.0,80.69,,126.6,0.0,80.69,,0.0,q1,17.804,0.95401,0.3482,,,,,,,,0.6715,0.7054,0.1492,,,
ramp-200Hz-6_absolute.csv,ramp,11440,200.0,94.32301,0.444232,0.0,0.0,0.0,0.0,44.4232,2.4711,238.2938,0.538931,0.0033,2,76.203391,129.171164,1.6951,-0.5486,2.2805,400.0,199.9126,,,111.38,-0.61,63.3,,111.38,-0.61,63.3,,111.38,-0.61,63.3,,125.99,1.83,66.54,,14.61,q4,17.801,0.954028,0.3563,,,,,,,,0.6851,0.6757,0.1435,,,
ramp-200Hz-7_absolute.csv,ramp,9940,200.0,95.730283,0.583996,0.0,0.0,0.0,0.0,58.3996,2.4725,252.5293,0.529163,0.0023,2,80.533569,132.05031,1.6397,0.4418,2.0828,400.0,200.0,,,126.6,0.0,80.69,,126.6,0.0,80.69,,126.6,0.0,80.69,,126.6,0.0,80.69,,0.0,q1,17.801,0.954028,0.3642,,,,,,,,0.6667,0.6663,0.0006,,,
ramp-200Hz-8_absolute.csv,ramp,10500,200.0,101.538663,0.490191,0.0,0.0,0.0,0.0,49.0191,2.4222,239.5514,0.502058,0.0039,2,82.137275,149.513414,1.8203,0.8297,2.5429,400.0,200.0,,,150.03,17.35,73.01,,150.03,-0.91,82.96,,150.03,-8.22,87.06,,150.03,-8.22,87.06,,0.0,q1,17.801,0.954028,0.4124,,,,,,,,0.6594,0.6655,0.0101,,,
ramp-200Hz-9_absolute.csv,ramp,8854,200.0226,95.887943,0.517768,0.0,0.0,0.0,0.0,51.7768,2.0887,248.5356,0.391343,0.0002,2,80.412594,129.079178,1.6052,-0.3586,2.0185,400.0452,199.9096,,,137.86,-1.52,79.15,,137.86,3.35,77.96,,137.86,-1.52,79.15,,137.86,-0.3,78.85,,0.0,q1,17.802,0.954019,0.3561,,,,,,,,0.6667,0.6667,0.0,,,
ramp-300Hz-10_absolute.csv,ramp,11188,299.9642,352.713366,0.0,0.0,0.0,0.0,0.0,0.0,1.322,299.7585,0.339407,0.0006,1,284.71625,445.726467,1.5655,-0.0081,1.547,599.9285,112.3525,,,411.44,6.09,287.04,,411.44,-6.09,287.04,,411.44,6.09,287.04,,411.44,-6.09,287.04,,0.0,q1,25.769,0.904611,1.2966,,,,,,,,0.5402,0.5363,0.0074,,,
ramp-300Hz-1_absolute.csv,ramp,9954,299.9799,385.053549,0.0,0.0,0.0,0.0,0.0,0.0,1.3101,299.8838,0.36224,0.0004,1,280.424421,436.476881,1.5565,0.0155,1.4979,599.9598,107.6954,,,449.18,-6.09,286.13,,421.18,2.43,283.68,,421.18,1.22,282.72,,421.18,2.43,283.68,,28.0,q1,25.77,0.904603,1.2698,,,,,,,,0.5139,0.5008,0.0001,,,
ramp-300Hz-2_absolute.csv,ramp,9526,300.021,394.435988,0.0,0.0,0.0,0.0,0.0,0.0,1.3461,299.8089,0.408266,0.0013,1,285.563485,452.184345,1.5835,-0.0449,1.5466,599.937,108.1251,,,411.44,3.65,280.38,,411.44,-3.65,280.45,,411.44,3.65,280.38,,411.44,-3.65,280.45,,0.0,q1,25.773,0.90458,1.3155,,,,,,,,0.5516,0.5555,0.0001,,,
ramp-300Hz-3_absolute.csv,ramp,10151,299.9704,377.276779,0.0,0.0,0.0,0.0,0.0,0.0,1.2936,299.9329,0.299317,0.0005,1,285.968985,459.099237,1.6054,0.026,1.5219,599.9409,108.7578,,,427.27,-4.87,282.81,,427.27,4.87,284.24,,427.27,-4.87,282.81,,427.27,4.87,284.24,,0.0,q1,25.769,0.904608,1.3356,,,,,,,,0.6382,0.6233,0.0042,,,
ramp-300Hz-4_absolute.csv,ramp,8886,300.0225,392.333309,0.0,0.0,0.0,0.0,0.0,0.0,1.347,300.0605,0.360916,0.0007,1,283.80887,448.404119,1.58,0.0401,1.553,599.9325,102.8584,,,425.44,0.61,279.55,,425.44,-3.04,281.83,,425.44,1.83,278.91,,425.44,0.61,279.9,,0.0,q1,25.773,0.904579,1.3045,,,,,,,,0.5376,0.5683,0.0002,,,
ramp-300Hz-5_absolute.csv,ramp,9891,299.9697,356.805758,0.0,0.0,0.0,0.0,0.0,0.0,1.3132,299.9331,0.376728,0.001,1,274.646615,424.89772,1.5471,0.0227,1.4645,600.0404,112.1221,,,431.23,-7.61,284.35,,431.23,-0.3,282.75,,360.01,0.91,272.36,,360.01,7.0,272.45,,71.21,q1,25.769,0.904608,1.2361,,,,,,,,0.5687,0.5824,0.002,,,
ramp-300Hz-6_absolute.csv,ramp,8082,300.0495,368.770714,0.0,0.0,0.0,0.0,0.0,0.0,1.3084,299.9672,0.353373,0.0005,1,285.676136,411.65547,1.441,-0.0219,1.5195,599.8515,113.8332,,,410.53,-7.61,277.94,,410.53,7.0,281.98,,410.53,-10.04,277.72,,410.53,10.65,282.3,,0.0,q1,25.775,0.904565,1.1976,,,,,,,,0.5975,0.6195,0.0022,,,
ramp-300Hz-7_absolute.csv,ramp,11448,299.9651,356.431229,0.0,0.0,0.0,0.0,0.0,0.0,1.3522,299.3467,0.426838,0.002,1,286.822031,443.295982,1.5455,0.0097,1.554,599.9301,110.4123,,,427.27,-7.3,282.88,,427.27,7.3,284.17,,427.27,-7.3,282.88,,427.27,7.3,284.17,,0.0,q1,25.769,0.904611,1.2896,,,,,,,,0.5355,0.564,0.0001,,,
ramp-300Hz-8_absolute.csv,ramp,10230,300.0,385.710548,0.0,0.0,0.0,0.0,0.0,0.0,1.3505,299.8625,0.439815,0.0009,1,275.684398,442.931173,1.6067,-0.0159,1.4685,600.0,109.5797,,,418.75,4.87,283.05,,418.75,-0.0,282.99,,418.75,-0.0,284.35,,418.75,-4.87,284.29,,0.0,q1,25.772,0.904592,1.2885,,,,,,,,0.6085,0.5939,0.0012,,,
ramp-300Hz-9_absolute.csv,ramp,12226,300.0164,388.093282,0.0,0.0,0.0,0.0,0.0,0.0,1.3014,299.6729,0.372864,0.0009,1,281.903238,407.313784,1.4449,-0.0258,1.5105,599.9509,106.9851,,,418.44,5.17,290.0,,418.44,-7.0,286.95,,418.44,8.83,288.21,,418.44,-7.0,286.95,,0.0,q1,25.773,0.904583,1.1849,,,,,,,,0.5461,0.5438,0.0,,,
ramp-400Hz-10_absolute.csv,ramp,10208,399.9804,84.105812,0.0,0.0,0.0,0.0,0.0,0.0,1.8239,390.7554,0.500767,0.003,2,66.132903,86.464363,1.3074,-0.1755,1.4529,799.9608,192.2022,,,79.12,0.0,70.77,,79.12,0.0,70.77,,79.12,0.0,70.77,,79.12,0.0,70.77,,0.0,q1,32.861,0.846745,0.2687,,,,,,,,0.7461,0.6529,0.0989,,,
ramp-400Hz-1_absolute.csv,ramp,9471,399.9578,82.992858,0.0,0.0,0.0,0.0,0.0,0.0,2.3414,385.869,0.561276,0.0094,5,75.04626,120.269148,1.6026,-0.12,2.0724,799.0708,196.389,,,80.04,-0.91,70.78,,80.04,2.74,68.66,,80.04,-0.91,70.78,,80.04,-0.91,70.78,,0.0,q1,32.859,0.846758,0.3738,,,,,,,,0.5532,0.7811,0.0499,,,
ramp-400Hz-2_absolute.csv,ramp,10089,400.0396,77.599328,0.0,0.0,0.0,0.0,0.0,0.0,1.4731,394.8521,0.498727,0.0007,2,63.940962,140.398241,2.1957,0.0723,2.1474,799.8811,199.326,,,94.95,0.0,59.21,,94.95,0.0,59.21,,94.95,0.0,59.21,,94.95,0.0,59.21,,0.0,q1,32.865,0.846709,0.4364,,,,,,,,0.6932,0.5964,0.0095,,,
ramp-400Hz-3_absolute.csv,ramp,9673,399.9793,92.978801,0.0,0.0,0.0,0.0,0.0,0.0,1.7365,390.4565,0.443204,0.0017,2,73.810718,132.497728,1.7951,0.2387,2.198,799.8553,197.9737,,,95.86,-0.91,59.22,,95.86,-0.91,59.22,,95.86,-0.91,59.22,,141.51,2.74,65.2,,45.65,q4,32.861,0.846745,0.4118,,,,,,,,0.5133,0.7853,0.0001,,,
ramp-400Hz-4_absolute.csv,ramp,8126,399.9508,76.62502,0.0,0.0,0.0,0.0,0.0,0.0,1.5032,394.9484,0.54909,0.0012,2,61.716614,140.95484,2.2839,0.1655,2.0874,799.9016,199.8523,,,94.95,0.0,59.21,,94.95,0.0,59.21,,94.95,0.0,59.21,,94.95,0.0,59.21,,0.0,q1,32.859,0.846762,0.4381,,,,,,,,0.6652,0.6337,0.0,,,
ramp-400Hz-5_absolute.csv,ramp,9020,400.0,83.634417,0.0,0.0,0.0,0.0,0.0,0.0,1.444,395.4903,0.412267,0.0004,2,62.465472,139.914389,2.2399,-0.1537,2.1112,800.0,193.7916,,,132.08,5.48,80.88,,132.08,-0.61,73.59,,132.08,1.83,76.59,,132.08,-6.7,65.49,,0.0,q1,32.862,0.846733,0.4348,,,,,,,,0.6808,0.6146,0.0,,,
ramp-400Hz-6_absolute.csv,ramp,842,400.2375,80.749125,0.0,0.0,0.0,0.0,0.0,0.0,1.3986,395.8314,0.000226,0.0,2,59.271214,94.911211,1.6013,-0.3433,1.8436,799.2874,195.962,,,94.95,-0.0,59.21,,94.95,-0.0,59.21,,94.95,-0.0,59.21,,94.95,-0.0,59.21,,0.0,q1,32.878,0.846591,0.295,,,,,,,,0.6667,0.667,0.0005,,,
ramp-400Hz-7_absolute.csv,ramp,8330,400.0,85.480621,0.0,0.0,0.0,0.0,0.0,0.0,1.5739,394.2408,0.370352,0.0007,2,64.068565,89.249594,1.393,-0.237,1.5626,799.88,195.6783,,,79.12,0.0,70.77,,79.12,0.0,70.77,,79.12,0.0,70.77,,79.12,0.0,70.77,,0.0,q1,32.862,0.846733,0.2774,,,,,,,,0.7224,0.6529,0.0826,,,
ramp-400Hz-8_absolute.csv,ramp,10582,400.0189,84.971244,0.0,0.0,0.0,0.0,0.0,0.0,1.6915,393.6298,0.473057,0.0012,2,65.145044,150.681046,2.313,-0.1716,1.511,780.0038,193.3472,,,97.08,-2.13,59.25,,140.29,5.17,70.58,,140.29,-0.91,61.28,,97.08,-2.13,59.25,,43.21,q2,32.863,0.846722,0.4683,,,,,,,,0.6497,0.7366,0.0962,,,
ramp-400Hz-9_absolute.csv,ramp,9978,399.98,80.744574,0.0,0.0,0.0,0.0,0.0,0.0,1.397,395.8315,1e-06,0.0,2,59.205894,94.951973,1.6038,0.3436,1.8472,799.8597,199.9399,,,94.95,0.0,59.21,,94.95,0.0,59.21,,94.95,0.0,59.21,,94.95,0.0,59.21,,0.0,q1,32.861,0.846745,0.2951,,,,,,,,0.6666,0.6667,0.0,,,
Pulse-10_absolute.csv,pulse,12608,2.4588,5.602887,0.522451,0.511088,0.374537,0.359391,0.944679,89.6441,9.4476,77.8218,0.738918,5.0911,525,39.274206,44.325254,1.1286,-0.2426,1.0588,23.3978,8.8039,,,0.0,0.0,0.0,,0.0,0.0,0.0,,0.0,0.0,0.0,,0.0,0.0,0.0,,0.0,q1,0.226,0.999993,0.1166,,,,,,,,,,,1.1286,1.0,0.9999
Pulse-11_absolute.csv,pulse,17055,2.404,7.186269,0.686069,0.350777,0.201003,0.166447,0.294954,81.3537,9.3024,68.2034,0.578844,3.4421,294,116.003009,349.722977,3.0148,1.3363,3.9356,5.8634,4.3389,,,0.0,0.0,0.0,,0.0,0.0,0.0,,0.0,0.0,0.0,,0.0,0.0,0.0,,0.0,q1,0.221,0.999993,0.9203,,,,,,,,,,,3.0148,0.1453,1.0906
Pulse-12-1Vpp_absolute.csv,pulse,14560,2.4038,5.469133,0.588248,0.364048,0.264216,0.344497,0.604092,81.6734,9.2676,58.2183,0.692416,6.2076,371,152.335043,747.8078,4.909,3.7537,15.5385,10.783,0.4808,,,83.99,-8.52,18.66,,4.87,-4.87,4.87,,74.25,18.26,40.35,,4.87,-4.87,4.87,,79.12,q1,0.221,0.999993,1.9679,,,,,,,,,,,4.909,0.0556,0.5289
Pulse-13-1Vpp_absolute.csv,pulse,18368,2.1777,1.970185,0.664876,0.498998,0.148993,0.259945,0.681883,88.3645,10.5644,140.1596,0.457847,0.3215,703,156.644819,2570.208849,16.4079,-0.0649,16.6223,2.9399,0.7622,,,0.0,0.0,0.0,,0.0,0.0,0.0,,0.0,0.0,0.0,,0.0,0.0,0.0,,0.0,q1,0.2,0.999994,6.7637,,,,,,,,,,,16.4079,0.0008,0.8914
Pulse-14_absolute.csv,pulse,10179,2.1613,0.60413,0.637436,0.406691,0.344034,0.312718,0.501616,88.7623,9.863,56.4124,0.637954,11.1481,270,111.510466,446.090826,4.0004,3.6766,14.6419,0.0982,0.0,,,225.5,225.5,225.5,,225.5,150.03,161.43,,249.24,-126.29,150.66,,249.24,-249.24,249.24,,23.74,q3,0.198,0.999994,1.1739,,,,,,,,,,,4.0004,0.06,0.9926
Pulse-15_absolute.csv,pulse,10131,1.9741,0.02692,1.0,1.0,1.0,1.0,1.0,200.0,12.3009,250.9624,1.0,0.2475,687,0.786069,79.116192,100.6479,100.638,10129.0001,0.1974,0.0987,,,0.0,0.0,0.0,,0.0,0.0,0.0,,0.0,0.0,0.0,,0.0,0.0,0.0,,0.0,q1,0.181,0.999995,0.2082,,,,,,,,,,,100.6479,0.0001,0.0099
Pulse-16_absolute.csv,pulse,14555,2.6108,2.16584,0.599647,0.318012,0.171998,0.207759,0.370788,73.038,7.9496,29.0404,0.629398,13.1601,89,31.145368,93.187464,2.992,-1.4676,3.8543,3.3665,1.6489,,,0.0,-0.0,0.0,,0.0,-0.0,0.0,,0.0,-0.0,0.0,,0.0,-0.0,0.0,,0.0,q1,0.24,0.999992,0.2452,,,,,,,,,,,2.992,0.1865,0.4998
Pulse-17_absolute.csv,pulse,12323,2.5968,6.380206,0.237622,0.206965,0.234668,0.165562,0.629817,42.6355,10.0405,108.1561,0.768965,1.9343,535,22.732158,322.055445,14.1674,-1.7428,20.6348,19.1512,1.2984,,,0.0,-0.0,0.0,,0.0,-0.0,0.0,,0.0,-0.0,0.0,,0.0,-0.0,0.0,,0.0,q1,0.238,0.999992,0.8475,,,,,,,,,,,14.1674,0.0013,1.0866
Pulse-18_absolute.csv,pulse,7157,2.2356,7.672342,0.504166,0.30733,0.127346,0.070059,0.367456,60.8079,9.1935,132.0725,0.512939,0.6335,153,119.9666,783.013784,6.5269,0.8893,3.2,5.4492,8.6628,,,38.34,-38.34,38.34,,40.78,-37.13,38.38,,40.78,34.69,40.6,,40.78,40.78,40.78,,2.43,q2,0.205,0.999994,2.0606,,,,,,,,,,,6.5269,0.0022,1.3999
Pulse-19-1Vpp_absolute.csv,pulse,8980,1.8931,0.291604,0.412938,0.19026,0.060734,0.006514,0.208037,45.8746,5.0083,5.496,0.417516,314.2203,0,79.910284,377.855803,4.7285,4.395,20.5449,0.1114,0.0,,,0.0,0.0,0.0,,0.0,0.0,0.0,,0.0,0.0,0.0,,0.0,0.0,0.0,,0.0,q1,0.174,0.999996,0.9944,,,,,,,,,,,4.7285,0.0448,0.988
Pulse-1_absolute.csv,pulse,14207,8.0946,7.013463,0.179616,0.090536,0.06348,0.052561,0.301985,21.7373,9.6182,86.3247,0.740061,2.9389,419,39.192567,44.955933,1.1471,-0.2753,1.0758,46.6671,18.3712,,,13.69,-13.69,13.69,,13.69,-13.69,13.69,,13.69,-13.69,13.69,,65.43,41.08,54.97,,51.73,q4,0.743,0.999919,0.1183,,,,,,,,,,,1.1471,1.0,0.9999
Pulse-20-1Vpp_absolute.csv,pulse,11706,1.9648,0.687337,0.561711,0.412881,0.462638,0.237715,0.428623,86.9788,8.056,40.9629,0.681128,14.0223,101,89.807779,439.675978,4.8957,3.2438,13.119,5.4673,2.8191,,,21.0,21.0,21.0,,100.12,79.43,86.71,,100.12,67.26,80.18,,295.5,-167.68,184.47,,274.5,q4,0.18,0.999995,1.157,,,,,,,,,,,4.8957,0.0589,0.6281
Pulse-21-1Vpp_absolute.csv,pulse,12007,8.4118,3.619132,0.340224,0.158255,0.164159,0.159665,0.354152,43.9588,9.8215,86.3704,0.737324,3.7983,612,31.703133,94.583721,2.9834,1.4586,3.3817,21.3209,7.9953,,,0.0,0.0,0.0,,0.0,0.0,0.0,,0.0,0.0,0.0,,0.0,0.0,0.0,,0.0,q1,0.772,0.999913,0.2489,,,,,,,,,,,2.9834,0.1987,1.0468
Pulse-22_absolute.csv,pulse,15192,10.861,2.972323,0.23932,0.162463,0.076701,0.087162,0.538203,31.1686,10.1733,88.106,0.741447,3.2254,894,47.58742,129.670177,2.7249,-0.1964,2.4767,14.5471,5.5292,,,0.0,0.0,0.0,,0.0,0.0,0.0,,0.0,0.0,0.0,,0.0,0.0,0.0,,0.0,q1,0.997,0.999855,0.3413,,,,,,,,,,,2.7249,0.0655,0.856
Pulse-23_absolute.csv,pulse,12520,8.5463,2.489173,0.110369,0.109924,0.089568,0.129113,1.423169,22.1263,9.8515,98.0396,0.760245,2.6991,794,90.349303,430.731859,4.7674,2.9982,11.8974,29.7923,1.3578,,,33.78,33.78,33.78,,112.9,36.21,38.71,,112.9,67.86,84.28,,203.59,-137.86,151.55,,169.81,q4,0.785,0.99991,1.1336,,,,,,,,,,,4.7674,0.0552,0.5658
Pulse-24_absolute.csv,pulse,9174,1.9621,2.58494,0.426631,0.182446,0.107288,0.099887,0.223558,48.6609,5.3907,8.3794,0.532623,161.5288,1,161.681061,409.720695,2.5341,2.1171,5.5121,0.763,0.0,,,0.0,0.0,0.0,,0.0,0.0,0.0,,0.0,0.0,0.0,,0.0,0.0,0.0,,0.0,q1,0.18,0.999995,1.0782,,,,,,,,,,,2.5341,0.1354,0.997
Pulse-25_absolute.csv,pulse,14164,1.9768,2.590738,0.225417,0.135179,0.294957,0.254408,0.602243,46.9904,8.4583,28.0884,0.563848,32.5456,128,129.322497,419.505926,3.2439,2.0177,5.3454,0.7766,0.8472,,,0.0,0.0,0.0,,0.0,0.0,0.0,,0.0,0.0,0.0,,0.0,0.0,0.0,,0.0,q1,0.181,0.999995,1.104,,,,,,,,,,,3.2439,0.1529,0.6266
Pulse-26_absolute.csv,pulse,11516,1.9972,7.830245,0.421804,0.192072,0.124549,0.123561,0.269653,49.5571,7.3184,32.8458,0.642674,19.2383,51,106.734121,172.786589,1.6189,0.3096,1.3182,0.0868,0.0868,,,0.0,0.0,0.0,,0.0,0.0,0.0,,0.0,0.0,0.0,,0.0,0.0,0.0,,0.0,q1,0.183,0.999995,0.4547,,,,,,,,,,,1.6189,0.8124,0.9128
Pulse-27_absolute.csv,pulse,6915,3.0369,2.660062,0.42355,0.313937,0.217985,0.181919,0.580185,59.8802,6.8554,28.462,0.623569,40.2138,34,20.129321,73.620218,3.6574,-3.3839,12.4511,1.1569,0.0,,,0.0,0.0,0.0,,0.0,0.0,0.0,,0.0,0.0,0.0,,0.0,0.0,0.0,,0.0,q1,0.279,0.999989,0.1937,,,,,,,,,,,3.6574,0.0696,1.1234
Pulse-28_absolute.csv,pulse,15496,1.936,6.611194,0.488518,0.260439,0.301599,0.19621,0.322583,66.0256,8.7161,62.6573,0.727456,9.7454,89,196.815776,538.784609,2.7375,1.5386,3.7279,0.0645,1.6779,,,0.0,-0.0,0.0,,0.0,-0.0,0.0,,0.0,-0.0,0.0,,0.0,-0.0,0.0,,0.0,q1,0.178,0.999995,1.4179,,,,,,,,,,,2.7375,0.2096,0.8695
Pulse-29_absolute.csv,pulse,15116,2.117,2.778944,0.674936,0.32638,0.378681,0.34261,0.373837,90.7108,10.2421,102.2615,0.766356,3.3362,797,37.695672,51.569838,1.3681,0.6371,1.4059,31.556,12.1064,,,28.91,-28.91,28.91,,28.91,-28.91,28.91,,50.21,16.13,42.37,,50.21,41.69,48.37,,21.3,q3,0.194,0.999994,0.1357,,,,,,,,,,,1.3681,1.0,0.9998
Pulse-2_absolute.csv,pulse,12952,8.4929,5.255616,0.108445,0.131567,0.083827,0.084249,1.299167,20.7834,10.5158,116.9228,0.774567,1.9985,624,34.197974,59.452959,1.7385,1.1633,2.3532,24.0889,9.5738,,,0.0,0.0,0.0,,0.0,0.0,0.0,,0.0,0.0,0.0,,0.0,0.0,0.0,,0.0,q1,0.78,0.999911,0.1565,,,,,,,,,,,1.7385,0.2486,1.0524
Pulse-30_absolute.csv,pulse,16768,8.3492,2.172857,0.244548,0.151291,0.217724,0.101635,0.309854,37.4735,10.2629,76.134,0.724789,4.2251,602,11.666734,156.95978,13.4536,5.081,48.7812,5.4866,2.3855,,,0.0,0.0,0.0,,0.0,0.0,0.0,,0.0,0.0,0.0,,0.0,0.0,0.0,,0.0,q1,0.766,0.999914,0.4131,,,,,,,,,,,13.4536,0.0029,1.087
Pulse-3_absolute.csv,pulse,12040,7.7243,7.040889,0.17455,0.119406,0.078091,0.118815,0.775986,25.4835,8.7793,52.0945,0.69069,6.4547,283,22.285657,72.249937,3.242,2.9335,9.6057,18.5216,7.8904,,,0.0,0.0,0.0,,0.0,0.0,0.0,,0.0,0.0,0.0,,0.0,0.0,0.0,,0.0,q1,0.709,0.999926,0.1901,,,,,,,,,,,3.242,0.0869,0.9995
Pulse-4-1pp_absolute.csv,pulse,14423,2.0107,6.077877,0.399794,0.254304,0.306365,0.189496,0.396457,59.5209,7.337,21.6595,0.604403,33.8938,67,178.766106,325.119171,1.8187,1.1089,2.4556,0.0693,0.9013,,,49.0,-46.56,48.52,,49.0,-13.69,41.65,,30.13,30.13,30.13,,30.13,30.13,30.13,,18.87,q1,0.185,0.999995,0.8556,,,,,,,,,,,1.8187,0.2409,0.9819
Pulse-5-1pp_absolute.csv,pulse,14004,14.6387,0.134914,0.838456,0.734188,0.604925,0.4224,0.67118,133.6561,12.0309,154.7904,0.842579,0.8074,867,4.171393,79.310452,19.0129,-15.9479,357.6498,0.8569,0.1428,,,6.7,6.7,6.7,,72.43,0.61,21.09,,72.43,-14.0,37.48,,6.7,6.7,6.7,,65.73,q2,1.344,0.999736,0.2088,,,,,,,,,,,19.0129,0.0028,0.9133
Pulse-6_absolute.csv,pulse,7514,1.9963,1.536796,0.289598,0.180058,0.637527,0.38233,0.364255,81.7866,9.0462,85.2483,0.739601,5.384,133,31.117883,63.992086,2.0564,1.5702,3.4654,13.0423,5.3234,,,0.0,0.0,0.0,,0.0,0.0,0.0,,0.0,0.0,0.0,,0.0,0.0,0.0,,0.0,q1,0.183,0.999995,0.1684,,,,,,,,,,,2.0564,0.1912,0.9978
Pulse-7_absolute.csv,pulse,15800,2.1519,4.828597,0.435315,0.261397,0.251184,0.202365,0.432634,60.1559,9.4173,79.4152,0.753618,5.0196,209,37.26623,52.842817,1.418,-0.7128,1.508,21.0127,8.1013,,,28.3,-28.3,28.3,,50.82,3.35,38.91,,50.82,13.09,41.63,,50.82,11.87,41.3,,22.52,q2,0.198,0.999994,0.1391,,,,,,,,,,,1.418,0.3322,0.9997
Pulse-8_absolute.csv,pulse,10386,1.9257,0.006151,0.900741,0.869833,0.877437,0.799826,0.883066,172.5561,8.2391,22.717,0.572595,24.252,21,5.845565,78.689758,13.4614,-13.3872,180.216,1.348,0.0,,,0.0,-0.0,0.0,,0.0,-0.0,0.0,,0.0,-0.0,0.0,,0.0,-0.0,0.0,,0.0,q1,0.177,0.999995,0.2071,,,,,,,,,,,13.4614,0.0055,6.0077
Pulse-9_absolute.csv,pulse,13288,1.9567,4784.428342,0.516923,0.348093,0.247996,0.191256,0.479897,69.7466,7.3044,8.0296,0.186868,408.7986,62,211147.039397,456213.400351,2.1606,-1.3473,2.9227,0.0753,2.2577,,,0.0,0.0,0.0,,0.0,0.0,0.0,,0.0,0.0,0.0,,0.0,0.0,0.0,,0.0,q1,0.18,0.999995,1200.5673,,,,,,,,,,,2.1606,0.2166,2.1599
pulse-100Hz-10_absolute.csv,pulse,10244,2.2452,7.003176,0.358337,0.318216,0.183149,0.125241,0.722121,52.8106,8.726,94.1481,0.771907,4.0784,109,38.976423,46.343616,1.189,0.348,1.1211,24.4045,9.0785,,,48.69,-47.47,48.46,,48.69,-13.39,41.55,,30.43,30.43,30.43,,30.43,30.43,30.43,,18.26,q1,0.206,0.999994,0.122,,,,,,,,,,,1.189,1.0,1.0008
pulse-100Hz-1_absolute.csv,pulse,10298,7.6714,2.464788,0.294795,0.219633,0.132284,0.115199,0.589152,40.7324,10.8645,168.045,0.804775,1.6195,650,31.377872,63.657249,2.0287,-1.5358,3.3587,34.2785,12.818,,,0.0,0.0,0.0,,0.0,0.0,0.0,,0.0,0.0,0.0,,0.0,0.0,0.0,,0.0,q1,0.704,0.999927,0.1675,,,,,,,,,,,2.0287,0.1955,1.0383
pulse-100Hz-2_absolute.csv,pulse,10886,1.9291,3.00923,0.416309,0.140634,0.138991,0.342444,0.71144,57.4176,10.548,155.6921,0.817897,1.8453,591,37.389218,52.492514,1.4039,0.6917,1.4784,35.0909,13.0443,,,48.69,46.26,48.23,,48.69,2.43,39.07,,30.43,-30.43,30.43,,48.69,-18.26,33.89,,18.26,q1,0.177,0.999995,0.1381,,,,,,,,,,,1.4039,1.0,0.9996
pulse-100Hz-3_absolute.csv,pulse,12641,1.9777,0.592524,0.166576,0.425904,0.299923,0.338582,2.515105,64.3221,11.0862,157.202,0.80994,1.6648,369,17.851101,74.867664,4.194,3.9556,16.6466,13.6065,4.5882,,,35.0,-35.0,35.0,,35.0,-35.0,35.0,,44.13,25.87,42.2,,44.13,44.13,44.13,,9.13,q3,0.182,0.999995,0.197,,,,,,,,,,,4.194,0.0538,1.02
pulse-100Hz-4_absolute.csv,pulse,11879,1.9362,3.190876,0.449104,0.286206,0.514874,0.635054,1.039457,97.5704,11.0594,160.4216,0.803734,1.28,770,37.559977,51.987776,1.3841,0.6616,1.4378,27.8643,10.2702,,,0.0,0.0,0.0,,0.0,0.0,0.0,,0.0,0.0,0.0,,0.0,0.0,0.0,,0.0,q1,0.178,0.999995,0.1368,,,,,,,,,,,1.3841,1.0,1.0603
pulse-100Hz-5_absolute.csv,pulse,11338,7.8497,7.052533,0.187813,0.106897,0.076486,0.0625,0.372857,23.7607,9.7181,110.9722,0.784762,2.4972,433,22.509078,72.096493,3.203,2.8908,9.3567,29.6349,10.5839,,,0.0,0.0,0.0,,0.0,0.0,0.0,,0.0,0.0,0.0,,0.0,0.0,0.0,,0.0,q1,0.721,0.999924,0.1897,,,,,,,,,,,3.203,0.0888,1.1723
pulse-100Hz-6_absolute.csv,pulse,10288,2.0412,4.646992,0.703991,0.358618,0.366141,0.30987,0.35674,92.4278,8.4899,78.0689,0.728891,4.5961,234,31.276768,63.788342,2.0395,-1.5492,3.3999,16.0381,5.6376,,,78.21,-1.52,13.75,,0.91,0.91,0.91,,78.21,-0.3,9.74,,0.91,0.91,0.91,,77.3,q1,0.187,0.999995,0.1679,,,,,,,,,,,2.0395,0.1938,0.9985
pulse-100Hz-7_absolute.csv,pulse,11062,1.9888,0.709401,0.722051,0.276205,0.247552,0.382234,0.381696,89.7236,10.7283,147.6729,0.820978,3.8216,214,15.19104,76.091223,5.009,-4.8093,24.1295,5.6048,0.0,,,0.0,0.0,0.0,,0.0,0.0,0.0,,0.0,0.0,0.0,,0.0,0.0,0.0,,0.0,q1,0.183,0.999995,0.2002,,,,,,,,,,,5.009,0.0383,1.0846
pulse-100Hz-8_absolute.csv,pulse,10567,1.9873,0.36957,0.983267,0.951557,0.907517,0.852283,0.911442,184.9932,10.9224,147.1024,0.761805,1.1476,12,3.17108,78.996708,24.9116,-24.8715,619.5898,1.7034,0.0,,,0.0,0.0,0.0,,0.0,0.0,0.0,,0.0,0.0,0.0,,0.0,0.0,0.0,,0.0,q1,0.182,0.999995,0.2079,,,,,,,,,,,24.9116,0.0016,1.0231
pulse-100Hz-9_absolute.csv,pulse,11460,8.726,3.274963,0.14447,0.137495,0.108946,0.040124,0.626579,23.0771,9.5943,97.7319,0.761961,3.8563,409,14.381402,76.417488,5.3136,5.1254,27.2701,10.6457,3.6649,,,0.0,0.0,0.0,,0.0,0.0,0.0,,0.0,0.0,0.0,,0.0,0.0,0.0,,0.0,q1,0.801,0.999906,0.2011,,,,,,,,,,,5.3136,0.0342,1.5151
pulse-1Hz-10_absolute.csv,pulse,11720,2.2184,5.637648,0.419311,0.336367,0.482757,0.197443,0.372059,74.9001,10.0228,108.8885,0.776028,3.2325,459,39.441511,42.647295,1.0813,0.1564,1.0245,23.0375,8.2765,,,0.0,0.0,0.0,,0.0,0.0,0.0,,0.0,0.0,0.0,,0.0,0.0,0.0,,0.0,q1,0.204,0.999994,0.1122,,,,,,,,,,,1.0813,1.0,1.01
pulse-1Hz-1_absolute.csv,pulse,9832,2.0342,2.249791,0.631501,0.297508,0.205999,0.202105,0.293175,75.5372,10.8644,164.3767,0.826575,1.5949,683,15.42397,75.993484,4.927,-4.724,23.3163,8.5435,0.0,,,0.0,0.0,0.0,,0.0,0.0,0.0,,0.0,0.0,0.0,,0.0,0.0,0.0,,0.0,q1,0.187,0.999995,0.2,,,,,,,,,,,4.927,0.0396,1.1085
pulse-1Hz-2_absolute.csv,pulse,10454,2.4871,5.818374,0.179087,0.466119,0.089911,0.260562,7.101268,57.0364,9.8952,128.7818,0.792729,3.0277,493,39.099399,45.594315,1.1661,0.3086,1.0952,23.6273,8.2265,,,0.0,0.0,0.0,,0.0,0.0,0.0,,0.0,0.0,0.0,,0.0,0.0,0.0,,0.0,q1,0.228,0.999992,0.12,,,,,,,,,,,1.1661,1.0,0.9998
pulse-1Hz-3_absolute.csv,pulse,14098,7.5897,2.156782,0.304801,0.232086,0.218582,0.19235,0.645872,48.1191,11.6113,169.973,0.813336,1.2841,1114,36.292389,55.310471,1.524,0.8679,1.7532,29.4368,10.4979,,,0.0,0.0,0.0,,0.0,0.0,0.0,,0.0,0.0,0.0,,0.0,0.0,0.0,,0.0,q1,0.697,0.999929,0.1456,,,,,,,,,,,1.524,0.301,1.2812
pulse-1Hz-4_absolute.csv,pulse,9271,1.9415,3.164226,0.623063,0.417892,0.284552,0.304866,0.570311,85.8344,9.8316,134.9965,0.782158,2.9325,476,39.518828,41.409735,1.0478,-0.0935,1.0087,25.6714,8.9526,,,1.22,1.22,1.22,,77.91,-2.43,16.78,,77.91,-0.0,9.74,,1.22,1.22,1.22,,76.69,q2,0.178,0.999995,0.109,,,,,,,,,,,1.0478,1.0,1.0006
pulse-1Hz-5_absolute.csv,pulse,7590,1.9763,0.0,0.307688,0.12705,0.068959,0.043212,0.181129,34.269,4.1967,2.866,0.017928,1158514.4368,0,,,,,,,,,,0.0,0.0,0.0,,0.0,0.0,0.0,,0.0,0.0,0.0,,0.0,0.0,0.0,,0.0,q1,,,,,,,,,,,,,,1.0,1.0,1.0
pulse-1Hz-6_absolute.csv,pulse,11306,2.1228,3.912684,0.270017,0.29501,0.625243,0.429671,0.585654,85.7605,10.3549,127.4726,0.784312,3.4183,586,27.376076,68.122501,2.4884,2.0865,5.3536,17.4244,6.899,,,0.0,0.0,0.0,,0.0,0.0,0.0,,0.0,0.0,0.0,,0.0,0.0,0.0,,0.0,q1,0.195,0.999994,0.1793,,,,,,,,,,,2.4884,0.139,0.9977
pulse-1Hz-7_absolute.csv,pulse,9792,8.0678,4.034835,0.153902,0.051059,0.067347,0.050433,0.182503,18.268,8.609,75.2064,0.740415,5.2562,204,22.605827,72.029343,3.1863,2.8725,9.2511,20.1185,6.7402,,,0.0,0.0,0.0,,0.0,0.0,0.0,,0.0,0.0,0.0,,0.0,0.0,0.0,,0.0,q1,0.741,0.99992,0.1896,,,,,,,,,,,3.1863,0.0897,1.0007
pulse-1Hz-8_absolute.csv,pulse,10192,1.9623,2.29197,0.184424,0.235313,0.555675,0.45495,0.765349,77.7906,10.0099,127.1698,0.797113,2.2639,379,30.013951,65.336302,2.1769,-1.7175,3.9498,21.3893,7.3587,,,66.04,-30.74,49.92,,66.04,4.56,24.95,,13.09,13.09,13.09,,13.09,13.09,13.09,,52.95,q1,0.18,0.999995,0.1719,,,,,,,,,,,2.1769,0.1743,1.0078
pulse-1Hz-9_absolute.csv,pulse,8410,1.9025,4.930549,0.511053,0.376861,0.483139,0.473815,0.741055,92.7968,9.1925,106.277,0.774685,3.0181,427,38.15102,50.033466,1.3115,-0.5489,1.3013,72.176,25.2081,,,0.0,0.0,0.0,,0.0,0.0,0.0,,0.0,0.0,0.0,,0.0,0.0,0.0,,0.0,q1,0.175,0.999996,0.1317,,,,,,,,,,,1.3115,1.0,1.0304
pulse-200Hz-10_absolute.csv,pulse,8868,2.0298,4.188723,0.445463,0.194644,0.337022,0.389603,0.607897,70.8307,10.4742,164.1071,0.80379,2.5469,395,36.798859,54.087698,1.4698,-0.7895,1.6233,29.0934,9.8106,,,24.04,-24.04,24.04,,24.04,-24.04,24.04,,55.08,-3.35,34.93,,55.08,51.43,54.04,,31.04,q3,0.186,0.999995,0.1423,,,,,,,,,,,1.4698,0.3164,1.002
pulse-200Hz-1_absolute.csv,pulse,9652,2.2793,3.554789,0.832787,0.609859,0.711636,0.250083,0.362071,127.8448,9.8729,113.2554,0.78097,2.8261,618,36.321092,55.24416,1.521,0.8635,1.7457,40.5097,15.3336,,,70.6,14.61,38.84,,70.6,2.43,27.44,,8.52,-8.52,8.52,,8.52,-8.52,8.52,,62.08,q1,0.209,0.999994,0.1454,,,,,,,,,,,1.521,0.3018,0.9997
pulse-200Hz-2_absolute.csv,pulse,7012,1.9966,0.683908,0.410246,0.063689,0.074533,0.228424,0.323448,47.9677,10.0991,156.6612,0.807035,1.9856,78,28.882011,66.598667,2.3059,-1.8722,4.5052,6.7028,2.4244,,,0.0,0.0,0.0,,0.0,0.0,0.0,,0.0,0.0,0.0,,0.0,0.0,0.0,,0.0,q1,0.183,0.999995,0.1753,,,,,,,,,,,2.3059,0.1583,0.9969
pulse-200Hz-3_absolute.csv,pulse,10417,2.3039,6.672391,0.357884,0.352912,0.32157,0.231265,0.76907,63.9937,8.7214,75.5372,0.753733,4.7992,247,39.333901,43.804176,1.1136,-0.2157,1.0465,28.6071,10.7517,,,0.0,0.0,0.0,,0.0,0.0,0.0,,0.0,0.0,0.0,,0.0,0.0,0.0,,0.0,q1,0.211,0.999993,0.1153,,,,,,,,,,,1.1136,1.0,1.0132
pulse-200Hz-4_absolute.csv,pulse,8798,1.9323,1.437656,0.901046,0.609442,0.435244,0.344803,0.489661,122.1323,10.0485,133.7337,0.78471,3.2667,312,30.227694,65.085289,2.1532,1.6887,3.8518,5.4558,2.0459,,,0.0,0.0,0.0,,0.0,0.0,0.0,,0.0,0.0,0.0,,0.0,0.0,0.0,,0.0,q1,0.177,0.999995,0.1713,,,,,,,,,,,2.1532,0.1774,1.0362
pulse-200Hz-5_absolute.csv,pulse,11276,7.5381,2.797654,0.244318,0.319209,0.135476,0.064441,1.35879,42.9059,10.6706,136.0362,0.794097,1.7091,560,39.267197,44.3827,1.1303,-0.2455,1.0603,14.2781,5.5871,,,0.0,0.0,0.0,,0.0,0.0,0.0,,0.0,0.0,0.0,,0.0,0.0,0.0,,0.0,q1,0.692,0.99993,0.1168,,,,,,,,,,,1.1303,1.0,0.9999
pulse-200Hz-6_absolute.csv,pulse,11036,2.1747,0.031509,0.963822,0.936918,0.926904,0.924768,0.969189,187.6464,12.4242,250.9787,0.999964,0.2475,580,9.630866,77.933844,8.0921,-7.9685,64.4972,2.0841,0.0,,,0.0,0.0,0.0,,0.0,0.0,0.0,,0.0,0.0,0.0,,0.0,0.0,0.0,,0.0,q1,0.2,0.999994,0.2051,,,,,,,,,,,8.0921,0.015,1.4473
pulse-200Hz-7_absolute.csv,pulse,9775,9.821,0.118903,0.748114,0.528054,0.41135,0.3653,0.56564,106.8255,11.1157,142.4475,0.796366,1.527,54,3.485011,78.970203,22.66,-22.6158,512.4756,2.046,0.0,,,0.0,0.0,0.0,,0.0,0.0,0.0,,0.0,0.0,0.0,,0.0,0.0,0.0,,0.0,q1,0.901,0.999881,0.2078,,,,,,,,,,,22.66,0.0019,2.4282
pulse-200Hz-8_absolute.csv,pulse,10178,2.4563,5.476471,0.324948,0.665751,0.415718,0.356951,2.049611,92.1439,9.7058,117.4197,0.780266,2.3121,474,32.253399,62.472044,1.9369,1.4206,3.0182,26.6261,8.7444,,,78.82,0.91,9.78,,0.3,-0.3,0.3,,0.3,-0.3,0.3,,0.3,-0.3,0.3,,78.52,q1,0.225,0.999993,0.1644,,,,,,,,,,,1.9369,0.2105,0.9986
pulse-200Hz-9_absolute.csv,pulse,9754,2.0504,5.266694,0.49805,0.444726,0.465069,0.293558,0.611525,86.5044,9.5284,101.992,0.761509,5.1222,515,38.957931,46.449051,1.1923,-0.3536,1.125,37.8306,13.6354,,,0.0,0.0,0.0,,0.0,0.0,0.0,,0.0,0.0,0.0,,0.0,0.0,0.0,,0.0,q1,0.188,0.999995,0.1222,,,,,,,,,,,1.1923,1.0,0.9998
pulse-300Hz-10_absolute.csv,pulse,9966,9.0307,8.214962,0.215971,0.048002,0.084726,0.058948,0.107373,24.4133,9.6024,117.262,0.734514,1.5357,389,37.418361,52.407938,1.4006,0.6866,1.4714,65.9241,25.4867,,,1.22,1.22,1.22,,1.22,1.22,1.22,,1.22,1.22,1.22,,77.91,-3.65,19.36,,76.69,q4,0.829,0.999899,0.1379,,,,,,,,,,,1.4006,1.0,0.9995
pulse-300Hz-1_absolute.csv,pulse,8355,1.915,0.45606,0.36878,0.231854,0.25891,0.218318,0.499519,55.1771,10.2608,157.0072,0.799202,1.8844,156,26.711942,68.7446,2.5736,-2.185,5.7742,4.6679,1.915,,,0.0,0.0,0.0,,0.0,0.0,0.0,,0.0,0.0,0.0,,0.0,0.0,0.0,,0.0,q1,0.176,0.999995,0.1809,,,,,,,,,,,2.5736,0.1312,0.9966
pulse-300Hz-2_absolute.csv,pulse,11668,2.3997,4.641674,0.461726,0.410327,0.431411,0.301037,0.648605,81.1355,10.3735,131.9597,0.790793,2.1678,733,39.51139,41.562479,1.0519,-0.1013,1.0103,56.8221,20.7405,,,29.82,29.82,29.82,,49.3,27.39,30.61,,49.3,-7.91,40.3,,49.3,-49.3,49.3,,19.48,q2,0.22,0.999993,0.1094,,,,,,,,,,,1.0519,1.0,1.0
pulse-300Hz-3_absolute.csv,pulse,12173,7.6399,4.57524,0.135472,0.144497,0.102894,0.076887,0.925749,23.6074,10.5918,137.5374,0.791463,1.7158,718,38.684932,47.846197,1.2368,0.4283,1.1834,50.2752,18.4014,,,0.0,0.0,0.0,,0.0,0.0,0.0,,0.0,0.0,0.0,,0.0,0.0,0.0,,0.0,q1,0.701,0.999928,0.1259,,,,,,,,,,,1.2368,1.0,1.0152
pulse-300Hz-4_absolute.csv,pulse,12220,2.455,5.337745,0.32598,0.257735,0.189508,0.121683,0.571362,47.2663,10.6167,155.6258,0.807882,1.6357,545,36.794678,54.098284,1.4703,-0.7901,1.6243,22.2586,7.9378,,,0.0,0.0,0.0,,0.0,0.0,0.0,,0.0,0.0,0.0,,0.0,0.0,0.0,,0.0,q1,0.225,0.999993,0.1424,,,,,,,,,,,1.4703,0.3163,1.0605
pulse-300Hz-5_absolute.csv,pulse,10537,492.1704,2.6e-05,0.0,0.0,0.0,0.0,0.0,0.0,12.3271,251.5425,0.994517,0.2508,30,3.267494,78.988834,24.1741,24.1328,583.3906,1.2337,0.3796,,,0.0,0.0,0.0,,0.0,0.0,0.0,,0.0,0.0,0.0,,0.0,0.0,0.0,,0.0,q1,38.593,0.791143,0.2627,,,,,,,,,,,24.1741,0.0017,11.3588
pulse-300Hz-6_absolute.csv,pulse,11122,3.6864,4.362948,0.197997,0.274672,0.113911,0.095787,1.621733,36.9863,9.9596,133.0655,0.784893,3.1026,490,29.822796,65.557243,2.1982,-1.7433,4.0391,35.0656,11.8684,,,54.17,14.0,30.7,,54.17,-29.82,47.15,,54.17,17.65,28.92,,54.17,-1.83,37.48,,0.0,q1,0.338,0.999983,0.1725,,,,,,,,,,,2.1982,0.1715,1.0129
pulse-300Hz-7_absolute.csv,pulse,11254,3.11,3.384892,0.409598,0.628186,0.488565,0.237728,1.109886,92.6066,10.1619,111.9629,0.774986,4.1571,658,37.997022,50.579176,1.3311,-0.5799,1.3363,34.4766,11.9069,,,0.0,0.0,0.0,,0.0,0.0,0.0,,0.0,0.0,0.0,,0.0,0.0,0.0,,0.0,q1,0.285,0.999988,0.1331,,,,,,,,,,,1.3311,1.0,1.1395
pulse-300Hz-8_absolute.csv,pulse,10163,1.9679,6.762158,0.421832,0.230633,0.348879,0.352549,0.592282,69.0754,10.6408,146.7979,0.798859,2.5287,559,35.184062,57.651604,1.6386,-1.0283,2.0574,37.5873,13.7755,,,0.0,0.0,0.0,,0.0,0.0,0.0,,0.0,0.0,0.0,,0.0,0.0,0.0,,0.0,q1,0.181,0.999995,0.1517,,,,,,,,,,,1.6386,0.2714,1.1126
pulse-300Hz-9_absolute.csv,pulse,12035,40.1329,2.692467,0.175312,0.098727,0.068694,0.074067,0.429661,22.5136,9.7758,72.7589,0.670221,4.8795,597,36.675122,54.397339,1.4832,0.809,1.6545,7.9767,3.656,,,0.0,0.0,0.0,,0.0,0.0,0.0,,0.0,0.0,0.0,,0.0,0.0,0.0,,0.0,q1,3.679,0.998019,0.1434,,,,,,,,,,,1.4832,0.3125,1.0917
pulse-31_absolute.csv,pulse,8713,8.7226,9.831143,0.200911,0.110928,0.023791,0.064319,0.401697,23.9527,8.2961,67.7936,0.725966,5.9262,137,27.801044,67.709005,2.4355,-2.0249,5.1002,27.7746,10.7885,,,0.0,0.0,0.0,,0.0,0.0,0.0,,0.0,0.0,0.0,,0.0,0.0,0.0,,0.0,q1,0.801,0.999906,0.1782,,,,,,,,,,,2.4355,0.1443,1.0684
pulse-400Hz-10_absolute.csv,pulse,9312,1.933,0.600132,0.6205,0.298299,0.151346,0.186067,0.303004,72.906,8.8093,81.4683,0.742763,8.022,64,16.251953,75.631733,4.6537,-4.4388,20.7031,4.2955,0.0,,,0.0,0.0,0.0,,0.0,0.0,0.0,,0.0,0.0,0.0,,0.0,0.0,0.0,,0.0,q1,0.177,0.999995,0.199,,,,,,,,,,,4.6537,0.0441,0.9976
pulse-400Hz-1_absolute.csv,pulse,9159,9.0621,1.61042,0.370121,0.198768,0.097742,0.105995,0.346272,44.4169,9.974,122.3337,0.790942,2.151,582,18.009255,74.787254,4.1527,-3.9119,16.303,21.6181,0.0,,,0.0,0.0,0.0,,0.0,0.0,0.0,,0.0,0.0,0.0,,0.0,0.0,0.0,,0.0,q1,0.832,0.999899,0.1968,,,,,,,,,,,4.1527,0.0548,1.0553
pulse-400Hz-2_absolute.csv,pulse,9258,2.0523,2.526636,0.414662,0.26494,0.20781,0.146905,0.4266,55.3989,8.5757,84.8609,0.735236,5.5334,221,32.443648,62.201822,1.9172,-1.3956,2.9478,17.8224,5.9408,,,0.0,0.0,0.0,,0.0,0.0,0.0,,0.0,0.0,0.0,,0.0,0.0,0.0,,0.0,q1,0.188,0.999995,0.1637,,,,,,,,,,,1.9172,0.2139,1.0332
pulse-400Hz-3_absolute.csv,pulse,9240,1.9481,7.955051,0.43564,0.280754,0.40068,0.748579,1.824564,99.4746,9.3618,97.15,0.759707,3.2407,349,39.538858,40.914986,1.0348,0.0684,1.0047,51.2987,17.0996,,,0.0,-0.0,0.0,,0.0,-0.0,0.0,,0.0,-0.0,0.0,,0.0,-0.0,0.0,,0.0,q1,0.179,0.999995,0.1077,,,,,,,,,,,1.0348,1.0,1.0031
pulse-400Hz-4_absolute.csv,pulse,11141,2.244,5.654375,0.39979,0.191555,0.415289,0.320549,0.419639,68.6835,9.7966,101.347,0.771182,3.1673,436,39.552896,40.410696,1.0217,0.0429,1.0018,21.2728,8.5271,,,0.0,0.0,0.0,,0.0,0.0,0.0,,0.0,0.0,0.0,,0.0,0.0,0.0,,0.0,q1,0.206,0.999994,0.1063,,,,,,,,,,,1.0217,1.0,1.0
pulse-400Hz-5_absolute.csv,pulse,9084,2.5319,9.333631,0.39047,0.354165,0.457224,0.166206,0.423372,71.7341,9.2364,104.4865,0.774193,2.7952,278,29.315251,66.128292,2.2558,-1.8125,4.285,26.1999,9.3571,,,0.0,0.0,0.0,,0.0,0.0,0.0,,0.0,0.0,0.0,,0.0,0.0,0.0,,0.0,q1,0.232,0.999992,0.174,,,,,,,,,,,2.2558,0.1642,1.1848
pulse-400Hz-6_absolute.csv,pulse,9708,2.3692,4.886667,0.329191,0.299253,0.476578,0.247578,0.449627,69.7381,9.7956,118.7921,0.773174,2.7111,501,34.104997,59.611965,1.7479,-1.1758,2.3825,41.6152,15.1422,,,0.0,0.0,0.0,,0.0,0.0,0.0,,0.0,0.0,0.0,,0.0,0.0,0.0,,0.0,q1,0.217,0.999993,0.1569,,,,,,,,,,,1.7479,0.2466,0.9989
pulse-400Hz-7_absolute.csv,pulse,10159,2.4609,2.791058,0.195076,0.445052,0.997094,0.22929,0.242814,113.265,10.856,167.8277,0.813469,1.2168,744,39.548741,40.586199,1.0262,-0.0518,1.0027,56.9938,21.1635,,,0.61,0.61,0.61,,0.61,0.61,0.61,,0.61,0.61,0.61,,78.52,-1.83,13.79,,77.91,q4,0.226,0.999993,0.1068,,,,,,,,,,,1.0262,1.0,1.0019
pulse-400Hz-8_absolute.csv,pulse,8422,1.8998,3.263409,0.442093,0.174312,0.280393,0.27834,0.393546,61.8,10.274,156.9767,0.803301,1.9321,394,39.358083,43.573629,1.1071,0.2039,1.0416,13.8922,5.1057,,,27.39,-27.39,27.39,,27.39,-27.39,27.39,,51.73,3.04,38.61,,51.73,51.73,51.73,,24.35,q3,0.174,0.999996,0.1147,,,,,,,,,,,1.1071,1.0,0.9999
pulse-400Hz-9_absolute.csv,pulse,10298,1.9421,0.146344,0.459352,0.417108,0.494567,0.384236,0.705916,88.1599,10.448,140.3282,0.789988,1.8577,83,8.664328,78.163568,9.0213,-8.9105,80.3963,8.3511,0.0,,,10.65,10.65,10.65,,10.65,10.65,10.65,,68.47,-13.69,39.0,,68.47,-7.61,34.19,,57.82,q3,0.178,0.999995,0.2057,,,,,,,,,,,9.0213,0.0121,1.0077
